연번,시도,시군구,읍면동,우편번호,주소,위도,경도
1,서울,종로구,청운효자동,3047,서울특별시 종로구 자하문로 92 ,37.5841381,126.9705976
2,서울,종로구,사직동,3176,서울특별시 종로구 경희궁1길 15,37.5713516,126.9706248
3,서울,종로구,삼청동,3049,서울특별시 종로구 삼청로 107 ,37.5849776,126.981792
4,서울,종로구,부암동,3022,서울특별시 종로구 창의문로 145 ,37.5925634,126.9641561
5,서울,종로구,평창동,3009,서울특별시 종로구 평창문화로 65 ,37.6063625,126.9683355
6,서울,종로구,무악동,3030,서울특별시 종로구 통일로14길 36 ,37.5759275,126.95814
7,서울,종로구,교남동,3166,서울특별시 종로구 송월길 154 ,37.5719124,126.9619593
8,서울,종로구,가회동,3055,서울특별시 종로구 북촌로 35 ,37.5801053,126.9847902
9,서울,종로구,종로1234가동,3140,서울특별시 종로구 종로17길 8 ,37.570684,126.9889566
10,서울,종로구,종로56가동,3126,서울특별시 종로구 종로35가길 19 ,37.5720506,127.0050264
11,서울,종로구,이화동,3087,서울특별시 종로구 이화장길 33 ,37.5769782,127.0043489
12,서울,종로구,혜화동,3076,서울특별시 종로구 혜화로 12 ,37.5868221,127.000522
13,서울,종로구,창신1동,3118,서울특별시 종로구 지봉로 8-6 ,37.5707605,127.0163177
14,서울,종로구,창신2동,3102,서울특별시 종로구 창신길 62 ,37.5744568,127.0108524
15,서울,종로구,창신3동,3095,서울특별시 종로구 지봉로 87 ,37.5779924,127.0146963
16,서울,종로구,숭인1동,3108,서울특별시 종로구 지봉로 86 ,37.5778304,127.0156304
17,서울,종로구,숭인2동,3112,서울특별시 종로구 종로65길 10 ,37.5748793,127.0199741
18,서울,중  구,소공동,4526,서울특별시 중구 남대문로1길 31-5,37.5624224,126.9770437
19,서울,중  구,회현동,4635,서울특별시 중구 퇴계로8길 46,37.5573015,126.9793685
20,서울,중  구,명동,4630,서울특별시 중구 퇴계로20나길 16,37.5583258,126.9852682
21,서울,중  구,필동,4626,서울특별시 중구 퇴계로36길 42,37.5601579,126.9955791
22,서울,중  구,장충동,4606,서울특별시 중구 장충단로8길 22,37.5619088,127.0078442
23,서울,중  구,광희동,4560,서울특별시 중구 퇴계로 303-9,37.564461,127.0050407
24,서울,중  구,을지로동,4543,서울특별시 중구 충무로9길 20,37.5670302,126.9914212
25,서울,중  구,신당동,4610,서울특별시 중구 다산로33길 3,37.5620232,127.0144255
26,서울,중  구,다산동,4604,서울특별시 중구 동호로15길 50,37.5542597,127.0082859
27,서울,중  구,약수동,4597,서울특별시 중구 다산로 92,37.5524744,127.0089848
28,서울,중  구,청구동,4591,서울특별시 중구 청구로3길 55,37.5570846,127.0146584
29,서울,중  구,신당제5동,4578,서울특별시 중구 다산로44길 85,37.5651081,127.0218748
30,서울,중  구,동화동,4587,서울특별시 중구 다산로36길 100,37.5592001,127.019505
31,서울,중  구,황학동,4575,서울특별시 중구 난계로11길 52,37.5674103,127.0214109
32,서울,중  구,중림동,4500,서울특별시 중구 만리재로175,37.5542175,126.9634093
33,서울,용산구,후암동,4331,서울특별시 용산구 후암로 32-6,37.5486858,126.9781489
34,서울,용산구,용산2가동,4339,서울특별시 용산구 신흥로 90,37.5459441,126.9854817
35,서울,용산구,남영동,4335,서울특별시 용산구 두텁바위로 25,37.5457838,126.9748238
36,서울,용산구,청파동,4309,서울특별시 용산구 청파로49길 6,37.5454694,126.9698742
37,서울,용산구,원효로제1동,4368,서울특별시 용산구 백범로 350,37.5372398,126.9677057
38,서울,용산구,원효로제2동,4360,서울특별시 용산구 효창원로8길 3,37.5343436,126.9515465
39,서울,용산구,효창동,4311,서울특별시 용산구 효창원로 161,37.5425387,126.9617849
40,서울,용산구,용문동,4356,서울특별시 용산구 새창로12길 13,37.5389579,126.9575622
41,서울,용산구,한강로동,4386,서울특별시 용산구 한강대로38길 28,37.5290421,126.9703037
42,서울,용산구,이촌제1동,4422,서울특별시 용산구 이촌로71길 24,37.5212623,126.9732464
43,서울,용산구,이촌제2동,4374,서울특별시 용산구 이촌로18길 20,37.5262362,126.9546936
44,서울,용산구,이태원제1동,4406,서울특별시 용산구 보광로 104-6,37.5324684,126.9950647
45,서울,용산구,이태원제2동,4342,서울특별시 용산구 회나무로13길 58,37.5419329,126.9901763
46,서울,용산구,한남동,4400,서울특별시 용산구 대사관로5길 1,37.5345698,127.0004869
47,서울,용산구,서빙고동,4398,서울특별시 용산구 서빙고로 279,37.5204885,126.9946166
48,서울,용산구,보광동,4394,서울특별시 용산구 장문로 95,37.5262639,127.0001065
49,서울,성동구,왕십리도선동,4700,서울특별시 성동구 마장로 141,37.567877,127.0254834
50,서울,성동구,왕십리제2동,4710,서울특별시 성동구 무학봉15길 6,37.5627009,127.0304065
51,서울,성동구,마장동,4757,서울특별시 성동구 마장로 42길 11,37.5662922,127.0453979
52,서울,성동구,사근동,4761,서울특별시 성동구 사근동길 37,37.5614022,127.0453002
53,서울,성동구,행당제1동,4745,서울특별시 성동구 고산자로10길 18 ,37.5585279,127.0361351
54,서울,성동구,행당제2동,4713,서울특별시 성동구 행당로9길 9,37.5582529,127.0293773
55,서울,성동구,응봉동,4741,서울특별시 성동구 독서당로 424,37.5531667,127.0334472
56,서울,성동구,금호1가동,4721,서울특별시 성동구 금호로 166-1,37.5555902,127.021058
57,서울,성동구,금호2.3가동,4728,서울특별시 성동구 무수막18길 1,37.5532032,127.020931
58,서울,성동구,금호4가동,4738,서울특별시 성동구 독서당로46길 26,37.5471659,127.022372
59,서울,성동구,옥수동,4732,서울특별시 성동구 독서당로 203,37.5436319,127.0134045
60,서울,성동구,성수1가제1동,4780,서울특별시 성동구 뚝섬로3길8,37.5407222,127.0503576
61,서울,성동구,성수1가제2동,4768,서울특별시 성동구 왕십리로5길3,37.5463347,127.0443951
62,서울,성동구,성수2가제1동,4781,서울특별시 성동구 뚝섬로385-19,37.5395265,127.0540852
63,서울,성동구,성수2가제3동,4792,서울특별시 성동구 광나루로2길 35,37.5482165,127.055232
64,서울,성동구,송정동,4800,서울특별시 성동구 동일로 43길 13,37.554604,127.0695645
65,서울,성동구,용답동,4805,서울특별시 성동구 용답중앙23길 20 ,37.5641128,127.0555127
66,서울,광진구,중곡제1동,4915,서울특별시 광진구 긴고랑로12길 49,37.5605949,127.0800297
67,서울,광진구,중곡제2동,4927,서울특별시 광진구 능동로 346,37.5602505,127.0814843
68,서울,광진구,중곡제3동,4935,서울특별시 광진구 용마산로 117,37.5640442,127.08657
69,서울,광진구,중곡제4동,4944,서울특별시 광진구 긴고랑로 131,37.5590962,127.0894263
70,서울,광진구,능동,4989,서울특별시 광진구 천호대로112길 55,37.5537658,127.0805496
71,서울,광진구,구의제1동,5038,서울특별시 광진구 광나루로36길 56,37.5424342,127.0856919
72,서울,광진구,구의제2동,4979,서울특별시 광진구 천호대로136길 55,37.5479175,127.0906564
73,서울,광진구,구의제3동,5047,서울특별시 광진구 강변역로 17,37.5380043,127.0919649
74,서울,광진구,광장동,4968,서울특별시 광진구 광장로 52,37.5468598,127.1030947
75,서울,광진구,자양제1동,5058,서울특별시 광진구 자양로13길 37,37.53452,127.0824025
76,서울,광진구,자양제2동,5106,서울특별시 광진구 자양로3가길 26,37.5288513,127.084505
77,서울,광진구,자양제3동,5091,서울특별시 광진구 뚝섬로 568,37.5338049,127.0728563
78,서울,광진구,자양제4동,5084,서울특별시 광진구 뚝섬로26길 58,37.5341158,127.0662593
79,서울,광진구,화양동,5010,서울특별시 광진구 능동로17길 39,37.5465432,127.0713406
80,서울,광진구,군자동,4995,서울특별시 광진구 면목로13,37.5555338,127.0754533
81,서울,동대문구,용신동,2567,서울특별시 동대문구 천호대로27길 35,37.5758235,127.0372517
82,서울,동대문구,제기동,2478,서울특별시 동대문구 약령시로 71,37.5831269,127.0378121
83,서울,동대문구,전농제1동,2558,서울특별시 동대문구 서울시립대로9길21,37.5779813,127.0477047
84,서울,동대문구,전농제2동,2507,서울특별시 동대문구 사가정로 137,37.5781011,127.0599823
85,서울,동대문구,답십리제1동,2601,서울특별시 동대문구 사가정로 30,37.57183,127.0512699
86,서울,동대문구,답십리제2동,2616,서울특별시 동대문구 한천로11길 18,37.5674215,127.0613269
87,서울,동대문구,장안제1동,2628,서울특별시 동대문구 한천로18길 52,37.5678069,127.0665062
88,서울,동대문구,장안제2동,2526,서울특별시 동대문구 사가정로 230-1,37.5785166,127.070584
89,서울,동대문구,청량리동,2489,서울특별시 동대문구 왕산로 239 4층,37.5807737,127.0397395
90,서울,동대문구,회기동,2452,서울특별시 동대문구 회기로25길 12-1,37.5907842,127.0551654
91,서울,동대문구,휘경제1동,2433,서울특별시 동대문구 외대역동로6길 3,37.5929434,127.0657327
92,서울,동대문구,휘경제2동,2502,서울특별시 동대문구 한천로 329,37.5900929,127.0685914
93,서울,동대문구,이문제1동,2426,서울특별시 동대문구 외대역동로 114-1,37.5977979,127.0654844
94,서울,동대문구,이문제2동,2409,서울특별시 동대문구 신이문로 27-5,37.6033189,127.0650367
95,서울,중랑구,면목본동 ,2219,서울특별시 중랑구 면목로 397,37.5873591,127.0875602
96,서울,중랑구,면목제2동 ,2130,서울특별시 중랑구 동일로101길 20-15,37.5897251,127.0790228
97,서울,중랑구,면목제38동 ,2221,서울특별시 중랑구 사가정로51길 48,37.5830144,127.0880546
98,서울,중랑구,면목제4동 ,2254,서울특별시 중랑구 면목로 246,37.5747311,127.0855
99,서울,중랑구,면목제5동 ,2231,서울특별시 중랑구 동일로 619,37.5857538,127.0794729
100,서울,중랑구,면목제7동 ,2252,서울특별시 중랑구 사가정로52길 13 5층 ~ 9층,37.5801115,127.0874184
101,서울,중랑구,상봉제1동 ,2091,서울특별시 중랑구 상봉중앙로1길 6,37.5998632,127.0872001
102,서울,중랑구,상봉제2동 ,2139,서울특별시 중랑구 동일로114길 10,37.592915,127.0808376
103,서울,중랑구,중화제1동 ,2088,서울특별시 중랑구 동일로134길 17,37.6011481,127.0806532
104,서울,중랑구,중화제2동 ,2016,서울특별시 중랑구 동일로129길 1 5층,37.5993765,127.0795262
105,서울,중랑구,묵제1동 ,2034,서울특별시 중랑구 공릉로2가길 5,37.6124178,127.0784983
106,서울,중랑구,묵제2동 ,2008,서울특별시 중랑구 동일로157길 29,37.6097054,127.0754682
107,서울,중랑구,망우본동 ,2059,서울특별시 중랑구 망우로67길 10,37.6005867,127.1015064
108,서울,중랑구,망우제3동 ,2175,서울특별시 중랑구 겸재로61길 40,37.5918799,127.094927
109,서울,중랑구,신내제1동 ,2068,서울특별시 중랑구 용마산로129나길 35,37.6058889,127.0994634
110,서울,중랑구,신내제2동 ,2076,서울특별시 중랑구 봉화산로 190,37.6062326,127.0941728
111,서울,성북구,성북동,2880,서울특별시 성북구 성북로 37,37.5909528,127.003258
112,서울,성북구,삼선동,2847,서울특별시 성북구 보문로 190,37.5909329,127.0146011
113,서울,성북구,동선동,2840,서울특별시 성북구 동소문로26길 27,37.5939938,127.0204185
114,서울,성북구,돈암제1동,2801,"서울시 성북구 정릉로48길35, 3층",37.6026487,127.0277419
115,서울,성북구,돈암제2동,2825,서울특별시 성북구 흥천사길 7,37.5980299,127.0105586
116,서울,성북구,안암동,2853,서울특별시 성북구 고려대로 16,37.5857484,127.0214046
117,서울,성북구,보문동,2859,서울특별시 성북구 안암로3길 35,37.5803914,127.0228543
118,서울,성북구,정릉제1동,2819,서울특별시 성북구 정릉로38마길 33,37.6010173,127.0158196
119,서울,성북구,정릉제2동,2814,서울특별시 성북구 정릉로26길 1 ,37.6044753,127.0111512
120,서울,성북구,정릉제3동,2708,서울특별시 성북구 솔샘로1길 6-3,37.6089333,127.0041887
121,서울,성북구,정릉제4동,2702,서울특별시 성북구 보국문로 106-1,37.6133439,127.0069917
122,서울,성북구,길음제1동,2724,서울특별시 성북구 길음로 92,37.6104465,127.0195043
123,서울,성북구,길음제2동,2732,서울특별시 성북구 삼양로2길 70,37.6066765,127.0272892
124,서울,성북구,종암동,2797,서울특별시 성북구 종암로 98-8,37.5989971,127.0351109
125,서울,성북구,월곡제1동,2741,서울특별시 성북구 오패산로 96,37.6105351,127.0357665
126,서울,성북구,월곡제2동,2793,서울특별시 성북구 화랑로 152,37.6058151,127.0479831
127,서울,성북구,장위제1동,2756,서울특별시 성북구 장위로 61,37.6140731,127.043674
128,서울,성북구,장위제2동,2770,서울특별시 성북구 돌곶이로27길 12,37.6123476,127.0545097
129,서울,성북구,장위제3동,2774,서울특별시 성북구 한천로 657,37.6165325,127.0565892
130,서울,성북구,석관동,2781,서울특별시 성북구 화랑로 296,37.6130426,127.0614713
131,서울,강북구,삼양동,1127,서울특별시 강북구 솔매로 69,37.6249939,127.0198552
132,서울,강북구,미아동,1133,서울특별시 강북구 솔매로49길 14,37.6270621,127.0269669
133,서울,강북구,송중동,1233,서울특별시 강북구 오패산로 162,37.616114,127.033754
134,서울,강북구,송천동,1202,서울특별시 강북구 솔샘로 284,37.6182552,127.0238135
135,서울,강북구,삼각산동,1199,서울특별시 강북구 삼양로19길 34,37.6151877,127.0207587
136,서울,강북구,번1동,1059,서울특별시 강북구 덕릉로41길 74,37.6378634,127.0288192
137,서울,강북구,번2동,1145,서울특별시 강북구 한천로 897,37.6322105,127.0388226
138,서울,강북구,번3동,1230,서울특별시 강북구 한천로105길 21,37.6258518,127.0466112
139,서울,강북구,수유1동,1103,서울특별시 강북구 삼양로 299,37.6300774,127.0176093
140,서울,강북구,수유2동,1040,서울특별시 강북구 한천로 1117,37.6446393,127.0198721
141,서울,강북구,수유3동,1072,서울특별시 강북구 노해로 36,37.6387067,127.0230924
142,서울,강북구,우이동,1011,서울특별시 강북구 삼양로 139길 49,37.6479249,127.0119122
143,서울,강북구,인수동,1021,서울특별시 강북구 인수봉로 255,37.6414727,127.01064
144,서울,도봉구,쌍문제1동 ,1381,서울특별시 도봉구 노해로 147 ,37.6479952,127.0260526
145,서울,도봉구,쌍문제2동 ,1392,서울특별시 도봉구 도봉로138길 21,37.6675936,127.0403191
146,서울,도봉구,쌍문제3동 ,1445,서울특별시 도봉구 노해로44길9,37.6489438,127.0279877
147,서울,도봉구,쌍문제4동 ,1429,서울특별시 도봉구 시루봉로 62-7,37.6564869,127.0284248
148,서울,도봉구,방학제1동 ,1345,서울특별시 도봉구 방학로2길 27,37.6642298,127.0406833
149,서울,도봉구,방학제2동 ,1347,서울특별시 도봉구 시루봉로 226,37.6682104,127.0350377
150,서울,도봉구,방학제3동 ,1382,서울특별시 도봉구 시루봉로 94,37.6591919,127.0279289
151,서울,도봉구,창제1동 ,1421,서울특별시 도봉구 해등로 46,37.6536117,127.032766
152,서울,도봉구,창제2동 ,1466,서울특별시 도봉구 덕릉로59길 73-3,37.6414212,127.0356013
153,서울,도봉구,창제3동 ,1487,서울특별시 도봉구 덕릉로62길 89,37.6380062,127.0428806
154,서울,도봉구,창제4동 ,1418,서울특별시 도봉구 노해로 390,37.6522395,127.051542
155,서울,도봉구,창제5동 ,1400,서울특별시 도봉구 도봉로136나길 20,37.6562875,127.0435916
156,서울,도봉구,도봉제1동 ,1306,서울특별시 도봉구 도봉로169나길 22,37.6786728,127.0433808
157,서울,도봉구,도봉제2동 ,1330,서울특별시 도봉구 마들로 668,37.6697793,127.0465504
158,서울,노원구,월계1동,1896,서울특별시 노원구 석계로 59,37.6199215,127.0629832
159,서울,노원구,월계2동,1868,서울특별시 노원구 초안산로5길 28,37.6325094,127.0507801
160,서울,노원구,월계3동,1911,서울특별시 노원구 마들로 57,37.6209624,127.0692653
161,서울,노원구,공릉1동,1844,서울특별시 노원구 동일로186길 3-24,37.6248286,127.0738422
162,서울,노원구,공릉2동,1823,서울특별시 노원구 노원로1길 68,37.6213072,127.0833653
163,서울,노원구,하계1동,1791,서울특별시 노원구 노원로 261,37.6405789,127.0725768
164,서울,노원구,하계2동,1863,서울특별시 노원구 공릉로55길 88,37.6319985,127.0678584
165,서울,노원구,중계본동,1739,서울특별시 노원구 중계로 143,37.6478085,127.080327
166,서울,노원구,중계1동,1713,서울특별시 노원구 한글비석로 279,37.652546,127.0775036
167,서울,노원구,중계2.3동,1787,서울특별시 노원구 노원로17길 56,37.6421154,127.0687082
168,서울,노원구,중계4동,1717,서울특별시 노원구 덕릉로82길 50,37.6587777,127.0779603
169,서울,노원구,상계1동,1604,서울특별시 노원구 동일로 1697,37.6798498,127.0548843
170,서울,노원구,상계2동,1696,서울특별시 노원구 상계로 118,37.6574741,127.0678426
171,서울,노원구,상계3.4동,1633,서울특별시 노원구 덕릉로 859,37.6729446,127.0832056
172,서울,노원구,상계5동,1667,서울특별시 노원구 한글비석로 432,37.6627341,127.069523
173,서울,노원구,상계6.7동,1752,서울특별시 노원구 노원로 429,37.654885,127.0669622
174,서울,노원구,상계8동,1619,서울특별시 노원구 동일로227길 97,37.6667588,127.0515649
175,서울,노원구,상계9동,1678,서울특별시 노원구 한글비석로 487,37.6645511,127.0638272
176,서울,노원구,상계10동,1676,서울특별시 노원구 노원로 530,37.6612653,127.0602534
177,서울,은평구,녹번동,3374,서울특별시 은평구 은평로 195,37.6026712,126.9288772
178,서울,은평구,불광제1동,3368,서울특별시 은평구 진흥로15길 10,37.6103316,126.9320651
179,서울,은평구,불광제2동,3340,서울특별시 은평구 연서로41길 18,37.6264615,126.9264837
180,서울,은평구,갈현제1동,3325,서울특별시 은평구 갈현로 301,37.623674,126.9167419
181,서울,은평구,갈현제2동,3334,서울특별시 은평구 연서로27길 31-6,37.6186002,126.9158472
182,서울,은평구,구산동,3430,서울특별시 은평구 갈현로17길 10,37.6117673,126.9103619
183,서울,은평구,대조동,3389,서울특별시 은평구 연서로20길 24-3,37.6141699,126.9208191
184,서울,은평구,응암제1동,3462,서울특별시 은평구 백련산로 179,37.6007599,126.9267774
185,서울,은평구,응암제2동,3475,서울특별시 은평구 백련산로 100,37.5945038,126.9231175
186,서울,은평구,응암제3동,3457,서울특별시 은평구 불광천길 410-17,37.5922398,126.9156626
187,서울,은평구,역촌동,3417,서울특별시 은평구 연서로 59,37.6044279,126.9151883
188,서울,은평구,신사제1동,3450,서울특별시 은평구 은평로2길 2,37.5978331,126.9118365
189,서울,은평구,신사제2동,3447,서울특별시 은평구 증산로15길 47,37.5902536,126.9084059
190,서울,은평구,증산동,3498,서울특별시 은평구 증산서길 89,37.5843472,126.9070352
191,서울,은평구,수색동,3490,서울특별시 은평구 수색로280,37.5834658,126.8937458
192,서울,은평구,진관동,3306,서울특별시 은평구 진관2로 31,37.634928,126.9209527
193,서울,서대문구,충현동,3748,서울특별시 서대문구 북아현로22길 38,37.5648072,126.9547237
194,서울,서대문구,천연동,3743,서울특별시 서대문구 성산로 694,37.5711149,126.9590574
195,서울,서대문구,북아현동,3756,서울특별시 서대문구 북아현로 24,37.559478,126.9570302
196,서울,서대문구,신촌동,3777,서울특별시 서대문구 연세로2나길 47,37.5578096,126.9395561
197,서울,서대문구,연희동,3697,서울특별시 서대문구 연희로 189,37.5738808,126.9352417
198,서울,서대문구,홍제제1동,3646,서울특별시 서대문구 통일로 435-1,37.587664,126.9449215
199,서울,서대문구,홍제제2동,3632,서울특별시 서대문구 통일로34길 27,37.5861083,126.949354
200,서울,서대문구,홍제제3동,3622,서울특별시 서대문구 세검정로4길 32,37.5937611,126.9497306
201,서울,서대문구,홍은제1동,3604,서울특별시 서대문구 홍은중앙로 85,37.5988641,126.9471446
202,서울,서대문구,홍은제2동,3658,서울특별시 서대문구 모래내로 334,37.5801356,126.9341863
203,서울,서대문구,남가좌제1동,3711,서울특별시 서대문구 모래내로15길 37,37.5732354,126.9197175
204,서울,서대문구,남가좌제2동,3665,서울특별시 서대문구 증가로10길 28,37.5784484,126.9238774
205,서울,서대문구,북가좌제1동,3709,서울특별시 서대문구 수색로 100-55,37.5743045,126.9102019
206,서울,서대문구,북가좌제2동,3678,서울특별시 서대문구 응암로1길 10,37.5814782,126.9111717
207,서울,마포구,공덕동,4208,서울특별시 마포구 만리재옛길 84 ,37.550204,126.9600793
208,서울,마포구,아현동,4142,서울특별시 마포구 마포대로7길 18 ,37.5471004,126.9521783
209,서울,마포구,도화동,4168,서울특별시 마포구 도화길 37 ,37.5415761,126.9499333
210,서울,마포구,용강동,4161,서울특별시 마포구 토정로31길 31 ,37.5423159,126.9427919
211,서울,마포구,대흥동,4103,서울특별시 마포구 신촌로26길 10 ,37.5558507,126.9421878
212,서울,마포구,염리동,4138,서울특별시 마포구 숭문길 14 ,37.5470876,126.9456663
213,서울,마포구,신수동,4089,서울특별시 마포구 독막로 192 ,37.547098,126.9351834
214,서울,마포구,서강동,4099,서울특별시 마포구 독막로 165 ,37.5477111,126.9320121
215,서울,마포구,서교동,4003,서울특별시 마포구 동교로15길 7 ,37.5551181,126.9145743
216,서울,마포구,합정동,4024,서울특별시 마포구 월드컵로5길 11 ,37.5510529,126.9118656
217,서울,마포구,망원제1동,4010,서울특별시 마포구 포은로6길 10 ,37.5555808,126.9058605
218,서울,마포구,망원제2동,3960,서울특별시 마포구 방울내로7길 11 ,37.5603402,126.9022765
219,서울,마포구,연남동,3979,서울특별시 마포구 성미산로29길 17-9 ,37.5644978,126.9219889
220,서울,마포구,성산제1동,3965,서울특별시 마포구 성산로4길 15 ,37.5633686,126.9079759
221,서울,마포구,성산제2동,3946,서울특별시 마포구 월드컵북로30길 22 ,37.5686424,126.9089435
222,서울,마포구,상암동,3927,서울특별시 마포구 매봉산로2길 16 ,37.5782901,126.8946764
223,서울,양천구,목1동,7992,서울특별시 양천구 목동서로 192,37.5303381,126.8711177
224,서울,양천구,목2동,7972,서울특별시 양천구 목동중앙본로 120,37.5461382,126.8716641
225,서울,양천구,목3동,7951,서울특별시 양천구 목동중앙남로16나길 55,37.5447686,126.8644557
226,서울,양천구,목4동,7967,서울특별시 양천구 목동중앙로 25,37.532395,126.8683613
227,서울,양천구,목5동,7984,서울특별시 양천구 목동서로 41,37.5371646,126.8817305
228,서울,양천구,신월1동,7920,서울특별시 양천구 곰달래로1길 38,37.5328295,126.831521
229,서울,양천구,신월2동,7936,서울특별시 양천구 중앙로53길 47,37.5249932,126.8445777
230,서울,양천구,신월3동,7910,서울특별시 양천구 남부순환로54길 5,37.5336393,126.8291041
231,서울,양천구,신월4동,7929,서울특별시 양천구 오목로5길 34,37.5247014,126.8400911
232,서울,양천구,신월5동,7904,서울특별시 양천구 화곡로4길 10,37.5385543,126.8272033
233,서울,양천구,신월6동,8067,서울특별시 양천구 남부순환로83길 53,37.5179666,126.8451222
234,서울,양천구,신월7동,8039,서울특별시 양천구 지양로14길 17,37.5239223,126.8326433
235,서울,양천구,신정1동,8085,서울특별시 양천구 중앙로32길 1,37.5185819,126.8543294
236,서울,양천구,신정2동,8114,서울특별시 양천구 목동동로 154,37.5192116,126.8705988
237,서울,양천구,신정3동,8077,서울특별시 양천구 중앙로 209,37.5151161,126.8547766
238,서울,양천구,신정4동,8020,서울특별시 양천구 오목로34길 5,37.5245641,126.8558001
239,서울,양천구,신정6동,8094,서울특별시 양천구 목동서로 353,37.517037,126.86449
240,서울,양천구,신정7동,8092,서울특별시 양천구 목동동로 37,37.5143744,126.8596108
241,서울,강서구,염창동,7535,서울특별시 강서구 양천로67가길 63,37.5537583,126.8709683
242,서울,강서구,등촌제1동,7569,서울특별시 강서구 공항대로53가길 55,37.5558238,126.8589361
243,서울,강서구,등촌제2동,7671,서울특별시 강서구 등촌로 143,37.542666,126.8625233
244,서울,강서구,등촌제3동,7588,서울특별시 강서구 화곡로63길 96,37.5589249,126.847867
245,서울,강서구,화곡본동,7677,서울특별시 강서구 초록마을로5길 29,37.5440348,126.8476663
246,서울,강서구,화곡제1동,7772,서울특별시 강서구 곰달래로 79,37.5304826,126.8415998
247,서울,강서구,화곡제2동,7750,서울특별시 강서구 곰달래로37길 13,37.5318626,126.8545007
248,서울,강서구,화곡제3동,7713,서울특별시 강서구 강서로33가길 17,37.5425823,126.8384114
249,서울,강서구,화곡제4동,7740,서울특별시 강서구 곰달래로57가길 26,37.5345612,126.8607912
250,서울,강서구,화곡제6동,7658,서울특별시 강서구 공항대로46길 105,37.5507002,126.8511363
251,서울,강서구,화곡제8동,7757,서울특별시 강서구 곰달래로25길 45,37.5327086,126.8484029
252,서울,강서구,우장산동,7690,서울특별시 강서구 우현로 34,37.5482678,126.8418504
253,서울,강서구,가양제1동,7529,서울특별시 강서구 허준로 30,37.5695093,126.844772
254,서울,강서구,가양제2동,7525,서울특별시 강서구 허준로 93,37.5673449,126.8512857
255,서울,강서구,가양제3동,7532,서울특별시 강서구 허준로 202,37.5610638,126.8606001
256,서울,강서구,발산제1동,7633,서울특별시 강서구 강서로47길 54,37.5531502,126.8331822
257,서울,강서구,공항동,7627,서울특별시 강서구 송정로 45,37.5587825,126.8101136
258,서울,강서구,방화제1동,7597,서울특별시 강서구 방화대로 330,37.5590009,126.8167292
259,서울,강서구,방화제2동,7612,서울특별시 강서구 개화동로21길 52,37.5714106,126.8054206
260,서울,강서구,방화제3동,7511,서울특별시 강서구 금낭화로24길 5,37.5787056,126.813676
261,서울,구로구,신도림동,8211,서울특별시 구로구 신도림로 40,37.507756,126.8805903
262,서울,구로구,구로제1동,8324,서울특별시 구로구 구일로4길 57,37.4930394,126.8758097
263,서울,구로구,구로제2동,8309,서울특별시 구로구 구로동로 141,37.491301,126.8833119
264,서울,구로구,구로제3동,8372,서울특별시 구로구 디지털로31길 109,37.4874245,126.8903243
265,서울,구로구,구로제4동,8312,서울특별시 구로구 구로동로28길 94,37.4915957,126.8891502
266,서울,구로구,구로제5동,8299,서울특별시 구로구 구로중앙로28길 66,37.5000803,126.8893198
267,서울,구로구,가리봉동,8383,서울특별시 구로구 우마2길 35,37.4825577,126.8896851
268,서울,구로구,고척제1동,8225,서울특별시 구로구 중앙로3길 18-8,37.5004049,126.8627872
269,서울,구로구,고척제2동,8240,서울특별시 구로구 중앙로15길 22,37.5067037,126.8585765
270,서울,구로구,개봉제1동,8237,서울특별시 구로구 경인로33길 51,37.500011,126.8510262
271,서울,구로구,개봉제2동,8329,서울특별시 구로구 개봉로16가길 17,37.4908237,126.8565837
272,서울,구로구,개봉제3동,8353,서울특별시 구로구 개봉로3길 47-5,37.4859938,126.8538368
273,서울,구로구,오류제1동,8267,서울특별시 구로구 경인로27길 7,37.4970232,126.8451338
274,서울,구로구,오류제2동,8342,서울특별시 구로구 오류로 45,37.4887742,126.8395046
275,서울,구로구,수궁동,8256,서울특별시 구로구 오리로15길 32,37.493841,126.8314904
276,서울,구로구,항동,8368,서울특별시 구로구 연동로 191-19,37.4824917,126.8242653
277,서울,금천구,가산동,8516,서울특별시 금천구 가산로 129,37.4768685,126.891752
278,서울,금천구,독산제1동,8523,서울특별시 금천구 시흥대로123길 11 ,37.4702205,126.8970511
279,서울,금천구,독산제2동,8618,서울특별시 금천구 독산로 179,37.463144,126.9034801
280,서울,금천구,독산제3동,8541,서울특별시 금천구 독산로 317,37.4751471,126.9031766
281,서울,금천구,독산제4동,8558,서울특별시 금천구 독산로 232 ,37.46756,126.9021491
282,서울,금천구,시흥제1동,8628,서울특별시 금천구 시흥대로58길 36,37.4535561,126.9032569
283,서울,금천구,시흥제2동,8645,서울특별시 금천구 금하로 764 ,37.4496132,126.9145056
284,서울,금천구,시흥제3동,8653,서울특별시 금천구 시흥대로18길 40 ,37.4402761,126.9058266
285,서울,금천구,시흥제4동,8569,서울특별시 금천구 독산로36길 14,37.4589441,126.9061487
286,서울,금천구,시흥제5동,8643,서울특별시 금천구 금하로24길 6,37.45072,126.9083445
287,서울,영등포구,영등포본동,7307,서울특별시 영등포구 신길로61길 17,37.5146544,126.9093492
288,서울,영등포구,영등포동,7253,서울특별시 영등포구 영등포로53길 22,37.5203428,126.9106816
289,서울,영등포구,여의동,7343,서울특별시 영등포구 국제금융로 124,37.5176542,126.9345783
290,서울,영등포구,당산제1동,7259,서울특별시 영등포구 양산로23길 11,37.5249831,126.8974344
291,서울,영등포구,당산제2동,7217,서울특별시 영등포구 당산로41가길 7,37.5310137,126.8973139
292,서울,영등포구,도림동,7373,서울특별시 영등포구 도영로7길 10,37.5095364,126.8959912
293,서울,영등포구,문래동,7297,서울특별시 영등포구 문래로 28길 15,37.5176027,126.8999775
294,서울,영등포구,양평제1동,7272,서울특별시 영등포구 영등포로11길 12,37.5236423,126.8882874
295,서울,영등포구,양평제2동,7206,서울특별시 영등포구 선유로47길 30,37.5364296,126.8941203
296,서울,영등포구,신길제1동,7356,서울특별시 영등포구 영등포로84길 24-5,37.5111591,126.9214567
297,서울,영등포구,신길제3동,7384,서울특별시 영등포구 신길로41라길 13-8,37.5074416,126.9077555
298,서울,영등포구,신길제4동,7347,서울특별시 영등포구 신길로42길 1,37.5084341,126.9113084
299,서울,영등포구,신길제5동,7398,서울특별시 영등포구 도림로264,37.5016093,126.9052605
300,서울,영등포구,신길제6동,7433,서울특별시 영등포구 대방천로167,37.5010864,126.9077619
301,서울,영등포구,신길제7동,7360,서울특별시 영등포구 여의대방로43길 10,37.5064018,126.9214045
302,서울,영등포구,대림제1동,7428,서울특별시 영등포구 디지털로 441,37.4954555,126.9059795
303,서울,영등포구,대림제2동,7419,서울특별시 영등포구 대림로 23길25,37.4926782,126.8981706
304,서울,영등포구,대림제3동,7412,서울특별시 영등포구 가마산로364,37.500914,126.8990637
305,서울,동작구,노량진제1동,6924,서울특별시 동작구 장승배기로28길30,37.5122642,126.9420235
306,서울,동작구,노량진제2동,6935,서울특별시 동작구 장승배기로19길48,37.5084569,126.9373598
307,서울,동작구,상도제1동,6971,서울특별시 동작구 상도로53길9,37.4981086,126.953075
308,서울,동작구,상도제2동,6921,서울특별시 동작구 상도로211,37.5054751,126.9423034
309,서울,동작구,상도제3동,7042,서울특별시 동작구 성대로2길11,37.4991184,126.9314056
310,서울,동작구,상도제4동,7047,서울특별시 동작구 양녕로27길 44,37.4993682,126.9414865
311,서울,동작구,흑석동,6982,서울특별시 동작구 흑석한강로 11,37.5058059,126.9666681
312,서울,동작구,사당제1동,7013,서울특별시 동작구 동작대로17길28,37.4830388,126.9787584
313,서울,동작구,사당제2동,6997,서울특별시 동작구 동작대로29길52,37.4887269,126.9792378
314,서울,동작구,사당제3동,7005,서울특별시 동작구 사당로17길86,37.4866526,126.9720613
315,서울,동작구,사당제4동,7018,서울특별시 동작구 사당로16아길6,37.4809542,126.9714903
316,서울,동작구,사당제5동,7030,서울특별시 동작구 사당로2가길219,37.4856801,126.9669347
317,서울,동작구,대방동,6944,서울특별시 동작구 여의대방로44길20,37.5081284,126.9263268
318,서울,동작구,신대방제1동,7067,서울특별시 동작구 신대방길72,37.4889333,126.9100537
319,서울,동작구,신대방제2동,7056,서울특별시 동작구 여의대방로24길76,37.4984106,126.9245329
320,서울,관악구,보라매동,8720,서울특별시 관악구 봉천로 279-8 ,37.4881588,126.9326825
321,서울,관악구,은천동,8750,서울특별시 관악구 봉천로33나길 30 ,37.4853082,126.9424256
322,서울,관악구,성현동,8725,서울특별시 관악구 구암길 38 ,37.4895535,126.9482375
323,서울,관악구,중앙동,8746,서울특별시 관악구 양녕로6다길 7 ,37.4841885,126.9497305
324,서울,관악구,청림동,8730,서울특별시 관악구 관악로 304,37.4922659,126.9584734
325,서울,관악구,행운동,8739,서울특별시 관악구 행운1길 43 ,37.4806522,126.9570635
326,서울,관악구,청룡동,8830,서울특별시 관악구 쑥고개로 44 ,37.4791157,126.9416667
327,서울,관악구,낙성대동,8790,서울특별시 관악구 낙성대로4가길 5 ,37.4763345,126.9583943
328,서울,관악구,인헌동,8793,서울특별시 관악구 남부순환로246가길 20 ,37.4751181,126.9653146
329,서울,관악구,남현동,8807,서울특별시 관악구 남현1가길 29 ,37.4745785,126.9779107
330,서울,관악구,신림동,8707,서울특별시 관악구 신림동길 14 ,37.487414,126.9271154
331,서울,관악구,신사동,8762,서울특별시 관악구 조원로 142 ,37.4854211,126.9181057
332,서울,관악구,조원동,8766,서울특별시 관악구 조원로12길 25 ,37.4825591,126.9077925
333,서울,관악구,미성동,8864,서울특별시 관악구 난곡로 249 ,37.476207,126.9155856
334,서울,관악구,난곡동,8855,서울특별시 관악구 난곡로30길 40 ,37.4709336,126.9216902
335,서울,관악구,난향동,8859,서울특별시 관악구 난곡로 67 ,37.4615276,126.9187407
336,서울,관악구,서원동,8778,서울특별시 관악구 신림로 282 ,37.4798039,126.9312893
337,서울,관악구,신원동,8774,서울특별시 관악구 신원로3길 13,37.481569,126.9273298
338,서울,관악구,서림동,8845,서울특별시 관악구 신림로29길 6 ,37.4750049,126.9349825
339,서울,관악구,삼성동,8846,서울특별시 관악구 호암로 589 ,37.4701088,126.9329569
340,서울,관악구,대학동,8813,서울특별시 관악구 신림로 111 ,37.4705868,126.9369533
341,서울,서초구,서초1동,6637,서울특별시 서초구 사임당로 89 ,37.4901363,127.0195032
342,서울,서초구,서초2동,6624,서울특별시 서초구 서초대로 70길 51,37.4920712,127.0249213
343,서울,서초구,서초3동,6716,서울특별시 서초구 반포대로 34 ,37.4836328,127.0120486
344,서울,서초구,서초4동,6609,서울특별시 서초구 서운로26길 3 ,37.5026713,127.0221885
345,서울,서초구,잠원동,6523,서울특별시 서초구 나루터로 38 ,37.5149849,127.0139718
346,서울,서초구,반포본동,6502,서울특별시 서초구 신반포로 3길 8 ,37.5021022,126.9869475
347,서울,서초구,반포1동,6544,서울특별시 서초구 사평대로 273 ,37.5051018,127.0133828
348,서울,서초구,반포2동,6505,서울특별시 서초구 신반포로 127,37.5054982,127.0011512
349,서울,서초구,반포3동,6510,서울시 서초구 신반포로23길 78,37.512048,127.0055769
350,서울,서초구,반포4동,6577,서울특별시 서초구 사평대로28길 70 ,37.497475,127.0003101
351,서울,서초구,방배본동,6557,서울특별시 서초구 동광로19길 38 ,37.4941411,126.9888281
352,서울,서초구,방배1동,6683,서울특별시 서초구 효령로29길 43 ,37.483402,126.9945314
353,서울,서초구,방배2동,6690,서울특별시 서초구 청두곶길 36 ,37.4798008,126.9855605
354,서울,서초구,방배3동,6704,서울특별시 서초구 방배로 40,37.4784318,126.9999868
355,서울,서초구,방배4동,6572,서울시 서초구 방배로 173,37.4890352,126.9921813
356,서울,서초구,양재1동,6737,서울특별시 서초구 바우뫼로 41,37.4716404,127.0267116
357,서울,서초구,양재2동,6779,서울특별시 서초구 강남대로12길 44,37.4706501,127.0412758
358,서울,서초구,내곡동,6793,서울시 서초구 청계산로15길 77,37.4492917,127.0582212
359,서울,강남구,신사동,6029,서울특별시 강남구 압구정로 128,37.5239986,127.022742
360,서울,강남구,논현1동,6115,서울특별시 강남구 학동로20길 25,37.511516,127.0285512
361,서울,강남구,논현2동,6058,서울특별시 강남구 학동로43길 17,37.5172918,127.0372351
362,서울,강남구,압구정동,6004,서울특별시 강남구 압구정로33길48,37.5296583,127.0308297
363,서울,강남구,청담동,6012,서울특별시 강남구 압구정로79길 26,37.5250615,127.0492445
364,서울,강남구,삼성1동,6170,서울특별시 강남구 봉은사로 616,37.5143398,127.062632
365,서울,강남구,삼성2동,6097,서울특별시 강남구 봉은사로 419,37.5112121,127.0459843
366,서울,강남구,대치1동,6280,서울특별시 강남구 남부순환로391길 19,37.4932486,127.056771
367,서울,강남구,대치2동,6187,서울특별시 강남구 영동대로65길 24,37.5022565,127.0641674
368,서울,강남구,대치4동,6204,서울특별시 강남구 도곡로77길 23,37.4997428,127.0578493
369,서울,강남구,역삼1동,6224,서울특별시 강남구 역삼로7길 16,37.4953545,127.0332497
370,서울,강남구,역삼2동,6219,서울특별시 강남구 도곡로43길 25,37.4960046,127.0468165
371,서울,강남구,도곡1동,6269,"서울특별시 강남구 도곡로18길 57, 2층",37.4883342,127.0389595
372,서울,강남구,도곡2동,6300,서울특별시 강남구 남부순환로378길 34-9,37.4837326,127.0463753
373,서울,강남구,개포1동,6321,서울 강남구 개포로 303 현대1차상가아파트 상가동 103호(개포1동주민센터 임시청사),37.4826819,127.0555932
374,서울,강남구,개포2동,6328,서울특별시 강남구 개포로 511,37.4897826,127.0690801
375,서울,강남구,개포4동,6309,서울특별시 강남구 개포로38길 12,37.478856,127.0516235
376,서울,강남구,일원본동,6361,서울특별시 강남구 광평로 126,37.4833153,127.0864733
377,서울,강남구,일원1동,6341,서울특별시 강남구 개포로 615 석탑프라자 5층(일원1동주민센터 임시청사),37.4926688,127.0755792
378,서울,강남구,개포3동,6335,서울특별시 강남구 개포로 615 석탑프라자 5층(개포3동주민센터 임시청사),37.4926709,127.0755771
379,서울,강남구,수서동,6349,"서울특별시 강남구 광평로56길 11, 도시개발아파트 내(수서소망교회 옆)(수서동주민센터 임시청사)",37.4873122,127.1051462
380,서울,강남구,세곡동,6377,서울특별시 강남구 밤고개로 286,37.4690759,127.1070218
381,서울,송파구,풍납1동,5511,서울특별시 송파구 천호대로 152길 7,37.5380799,127.1220805
382,서울,송파구,풍납2동,5537,서울특별시 송파구 토성로 52,37.5292505,127.1156741
383,서울,송파구,거여1동,5735,서울특별시 송파구 오금로53길 32,37.4969863,127.1432714
384,서울,송파구,거여2동,5768,서울특별시 송파구 거마로2길 19,37.4935529,127.1468374
385,서울,송파구,마천1동,5757,서울특별시 송파구 마천로 303,37.4959618,127.1498888
386,서울,송파구,마천2동,5756,서울특별시 송파구 마천로 287,37.4969377,127.1485915
387,서울,송파구,방이1동,5640,서울특별시 송파구 위례성대로 16길 22,37.510963,127.1239737
388,서울,송파구,방이2동,5544,"서울특별시 송파구 올림픽로34길 5-13, 2층",37.5162865,127.1111665
389,서울,송파구,오륜동,5649,서울특별시 송파구 양재대로 1232,37.5154168,127.1342812
390,서울,송파구,오금동,5661,서울특별시 송파구 중대로 25길 5,37.5029383,127.1280979
391,서울,송파구,송파1동,5666,서울특별시 송파구 백제고분로 392,37.5062783,127.1093064
392,서울,송파구,송파2동,5674,서울특별시 송파구 송이로 32,37.502334,127.1167223
393,서울,송파구,석촌동,5684,서울특별시 송파구 백제고분로 37길 16,37.5035941,127.1036658
394,서울,송파구,삼전동,5584,서울특별시 송파구 백제고분로 236,37.502773,127.092549
395,서울,송파구,가락본동,5717,서울특별시 송파구 송파대로 28길 39,37.4955123,127.1217696
396,서울,송파구,가락1동,5698,서울특별시 송파구 양재대로 925,37.4964644,127.1096646
397,서울,송파구,가락2동,5822,서울특별시 송파구 중대로 20길 6,37.4987162,127.1266048
398,서울,송파구,문정1동,5804,서울특별시 송파구 동남로 116,37.4900947,127.1241487
399,서울,송파구,문정2동,5834,서울특별시 송파구 중대로 16,37.4898757,127.1107986
400,서울,송파구,장지동,5800,서울특별시 송파구 새말로 19길 6,37.4869996,127.1323561
401,서울,송파구,위례동,5848,서울특별시 송파구 위례광장로 210,37.4811716,127.1439458
402,서울,송파구,잠실본동,5568,서울특별시 송파구 백제고분로 145,37.5111692,127.0954263
403,서울,송파구,잠실2동,5502,서울특별시 송파구 올림픽로 159,37.5119449,127.0885174
404,서울,송파구,잠실3동,5503,서울특별시 송파구 잠실로51-31,37.5132807,127.0942379
405,서울,송파구,잠실4동,5507,서울특별시 송파구 올림픽로35길 16,37.5201652,127.1123922
406,서울,송파구,잠실6동,5504,서울특별시 송파구 올림픽로35길 120,37.5181025,127.1006496
407,서울,송파구,잠실7동,5572,"서울특별시 송파구 올림픽로 4길 17, 2층",37.5088935,127.0768667
408,서울,강동구,강일동,5211,서울특별시 강동구 아리수로93길 9-14,37.5650525,127.1739113
409,서울,강동구,상일제1동,5276,서울 강동구 구천면로 633,37.5506125,127.1682867
410,서울,강동구,상일제2동,5288,"서울 강동구 상일로6길 51, 다올빌딩",37.5498449,127.1760483
411,서울,강동구,명일제1동,5266,"서울 강동구 양재대로1634, 2층",37.5513784,127.1442396
412,서울,강동구,명일제2동,5299,서울특별시 강동구 상암로 260,37.5462869,127.1514332
413,서울,강동구,고덕제1동,5231,서울특별시 강동구 양재대로 156길 123,37.5572781,127.1515088
414,서울,강동구,고덕제2동,5220,서울특별시 강동구 아리수로78길 43-12,37.5605504,127.1643796
415,서울,강동구,암사제1동,5262,서울특별시 강동구 올림픽로98가길 57,37.5514726,127.132669
416,서울,강동구,암사제2동,5241,서울특별시 강동구 상암로3길 28,37.5517029,127.1272658
417,서울,강동구,암사제3동,5236,서울특별시 강동구 고덕로 137,37.5549715,127.1408199
418,서울,강동구,천호제1동,5312,서울특별시 강동구 구천면로42길 59,37.54505,127.1368011
419,서울,강동구,천호제2동,5327,서울특별시 강동구 올림픽로 698,37.5434572,127.1254475
420,서울,강동구,천호제3동,5339,"서울 강동구 천호대로1089, 16층~17층",37.5366155,127.1333074
421,서울,강동구,성내제1동,5392,서울특별시 강동구 성내로 13,37.5304786,127.1224546
422,서울,강동구,성내제2동,5388,서울특별시 강동구 풍성로37가길 62,37.5324346,127.1295121
423,서울,강동구,성내제3동,5405,서울특별시 강동구 강동대로53길 76,37.5260424,127.1328389
424,서울,강동구,길동,5350,서울 강동구 천호대로1183,37.5346935,127.1425984
425,서울,강동구,둔촌제1동,5361,서울 강동구 천호대로186길 7 둔촌2동주민센터 내,37.5333196,127.1418989
426,서울,강동구,둔촌제2동,5361,서울특별시 강동구 천호대로186길 7,37.5333436,127.1419394
782,인천,중구,신포동,22322,인천광역시 중구 제물량로 168,37.4703566,126.6250521
783,인천,중구,연안동,22348,인천광역시 중구 축항대로86번길 44,37.453169,126.6045023
784,인천,중구,신흥동,22320,인천광역시 중구 제물량로80번길 3-14,37.4676164,126.6340872
785,인천,중구,도원동,22327,인천광역시 중구 도원로 42,37.4680599,126.6379487
786,인천,중구,율목동,22319,인천광역시 중구 서해대로483번길 3,37.4693248,126.6357825
787,인천,중구,동인천동,22309,인천광역시 중구 참외전로72번길 25,37.4770729,126.6289759
788,인천,중구,개항동,22312,인천광역시 중구 차이나타운로44번길 13-2,37.4752826,126.6185982
789,인천,중구,영종동,22372,인천광역시 중구 운남서로 100,37.4938542,126.531458
790,인천,중구,영종1동,22401,인천광역시 중구 하늘달빛로 120,37.4888639,126.5548647
791,인천,중구,영종2동,22392,인천광역시 중구 은하수로 160,37.4924815,126.5633212
792,인천,중구,운서동,22371,인천광역시 중구 흰바위로27번길 10,37.4933249,126.4884273
793,인천,중구,용유동,22384,인천광역시 중구 마시란로 308-13,37.4438667,126.4025505
794,인천,동구,만석동,22510,인천광역시 동구 석수로 96 ,37.4832113,126.6254541
795,인천,동구,화수1·화평동,22517,인천광역시 동구 화도로 41 ,37.4815567,126.6299107
796,인천,동구,화수2동,22512,인천광역시 동구 화수안로 42 ,37.4843442,126.6302467
797,인천,동구,송현1·2동,22549,인천광역시 동구 솔빛로22번길 2 ,37.4770272,126.6388384
798,인천,동구,송현3동,22533,인천광역시 동구 인중로 635-20 ,37.4822502,126.6426394
799,인천,동구,송림1동,22542,인천광역시 동구 송림로43번길 42 ,37.476258,126.6402321
800,인천,동구,송림2동,22543,인천광역시 동구 안송로6번길 5 ,37.4757818,126.6426902
801,인천,동구,송림3·5동,22556,인천광역시 동구 새천년로 72 ,37.4747172,126.6488165
802,인천,동구,송림4동,22537,인천광역시 동구 송림로162번길 10 ,37.4773988,126.651017
803,인천,동구,송림6동,22545,인천광역시 동구 샛골로162번길 56 ,37.4773531,126.6479694
804,인천,동구,금창동,22564,인천광역시 동구 금곡로36번길 16,37.4725223,126.6398033
805,인천,미추홀구,숭의13동 ,22103,인천광역시 미추홀구 석정로92번길 21-17,37.4672682,126.6471738
806,인천,미추홀구,숭의2동 ,22169,인천광역시 미추홀구 경인로34번길 20,37.4629422,126.6473217
807,인천,미추홀구,숭의4동 ,22164,인천광역시 미추홀구 경인로156번길 32,37.4648246,126.6591767
808,인천,미추홀구,용현14동 ,22182,인천광역시 미추홀구 인주대로 198,37.4548061,126.65858
809,인천,미추홀구,용현2동 ,22176,인천광역시 미추홀구 용마루로 56,37.4566998,126.6438632
810,인천,미추홀구,용현3동 ,22179,인천광역시 미추홀구 인주대로 145(임시청사),37.4566978,126.6533391
811,인천,미추홀구,용현5동 ,22187,인천광역시 미추홀구 토금북로 60,37.4526134,126.6403363
812,인천,미추홀구,학익1동 ,22225,인천광역시 미추홀구 매소홀로 380,37.4399085,126.6641378
813,인천,미추홀구,학익2동 ,22218,인천광역시 미추홀구 한나루로 444,37.4465486,126.6674943
814,인천,미추홀구,도화1동 ,22139,인천광역시 미추홀구 경인로 295,37.4609005,126.6738426
815,인천,미추홀구,도화23동 ,22101,인천광역시 미추홀구 장고개로 29-1,37.4709264,126.6661845
816,인천,미추홀구,주안1동 ,22136,인천광역시 미추홀구 주안서로53번길 22,37.4637707,126.676646
817,인천,미추홀구,주안2동 ,22156,인천광역시 미추홀구 남주길43번길 14-29,37.4545717,126.6727817
818,인천,미추홀구,주안3동 ,22218,인천광역시 미추홀구 인하로212,37.4484097,126.6715424
819,인천,미추홀구,주안4동 ,22146,인천광역시 미추홀구 구월남로 5,37.4550365,126.6903062
820,인천,미추홀구,주안5동 ,22124,인천광역시 미추홀구 석정로461번길 21,37.4671159,126.6867007
821,인천,미추홀구,주안6동 ,22143,인천광역시 미추홀구 경원대로864번길 59,37.4612702,126.6923471
822,인천,미추홀구,주안7동 ,22215,인천광역시 미추홀구 인하로 265,37.4484076,126.6776671
823,인천,미추홀구,주안8동 ,22228,인천광역시 미추홀구 인주대로470번길 24,37.4496189,126.6893366
824,인천,미추홀구,관교동 ,22241,인천광역시 미추홀구 인하로 452,37.4442273,126.6968372
825,인천,미추홀구,문학동 ,22235,인천광역시 미추홀구 소성로 339,37.4376286,126.6849801
826,인천,연수구,옥련1동,21954,인천광역시 연수구 비류대로186번길 14,37.4273752,126.6550246
827,인천,연수구,옥련2동,21950,인천광역시 연수구 옥련로 82,37.42617,126.6483963
828,인천,연수구,선학동,21938,인천광역시 연수구 선학로 54,37.4223764,126.7012904
829,인천,연수구,연수1동,21922,인천광역시 연수구 함박뫼로 127,37.4223777,126.6814614
830,인천,연수구,연수2동,21931,인천광역시 연수구 원인재로 158,37.4116961,126.6817871
831,인천,연수구,연수3동,21936,인천광역시 연수구 원인재로 283,37.4193511,126.6920725
832,인천,연수구,청학동,21904,인천광역시 연수구 비류대로 287,37.4268812,126.6694274
833,인천,연수구,동춘1동,21966,인천광역시 연수구 먼우금로 117,37.4095448,126.670787
834,인천,연수구,동춘2동,21971,인천광역시 연수구 먼우금로 41,37.4027932,126.6693861
835,인천,연수구,동춘3동,21974,인천광역시 연수구 원인재로 110,37.408414,126.6782276
836,인천,연수구,송도1동,21996,인천광역시 연수구 하모니로35번길 8,37.3910659,126.652079
837,인천,연수구,송도2동,22001,인천 연수구 신송로 248,37.4032487,126.6416156
838,인천,연수구,송도3동,21984,인천광역시 연수구 송도교육로 63,37.3714115,126.6599392
839,인천,연수구,송도4동,22009,인천광역시 연수구 컨벤시아대로252번길 79,37.3881812,126.6298321
840,인천,연수구,송도5동,22019,인천광역시 연수구 센트럴로 418,37.3999581,126.6388162
841,인천,남동구,구월1동,21580,인천광역시 남동구  선수촌공원로 104(구월동),37.4475814,126.71253
842,인천,남동구,구월2동,21561,인천광역시 남동구 구월로 208(구월동),37.4561533,126.7134045
843,인천,남동구,구월3동,21559,인천광역시 남동구 문화서로 84(구월동),37.4526953,126.6969199
844,인천,남동구,구월4동,21536,인천광역시 남동구 구월말로 7(구월동),37.4496325,126.7240381
845,인천,남동구,간석1동,21552,인천광역시 남동구 경인로524번길 21(간석동),37.4604611,126.6980073
846,인천,남동구,간석2동,21544,인천광역시 남동구 남동대로916번길 47(간석동),37.4639844,126.7108505
847,인천,남동구,간석3동,21511,인천광역시 남동구 용천로 186(간석동),37.4661255,126.7145945
848,인천,남동구,간석4동,21504,인천광역시 남동구 벽돌말로19번길 7(간석동),37.4667323,126.701187
849,인천,남동구,만수1동,21540,인천광역시 남동구 인주대로 851(만수동),37.4487984,126.7319806
850,인천,남동구,만수2동,21524,인천광역시 남동구 만수서로 46(만수동),37.4614002,126.7311476
851,인천,남동구,만수3동,21518,인천광역시 남동구 서판로 11(만수동),37.461869,126.7230317
852,인천,남동구,만수4동,21526,인천광역시 남동구 만수로50번길 39(만수동),37.4594167,126.7356929
853,인천,남동구,만수5동,21543,인천광역시 남동구 만경로28번길 3(만수동),37.4574306,126.7280569
854,인천,남동구,만수6동,21594,인천광역시 남동구 장승남로 47(만수동),37.4436955,126.7376617
855,인천,남동구,장수서창동,21604,인천광역시 남동구 독곡로 28(서창동),37.4359253,126.7474191
856,인천,남동구,서창2동,21613,인천광역시 남동구 서창남순환로 43(서창동),37.4278906,126.7507776
857,인천,남동구,남촌도림동,21623,인천광역시 남동구 남촌동로 32(남촌동),37.4322512,126.7152054
858,인천,남동구,논현1동,21660,인천광역시 남동구 소래역로 115(논현동),37.4056246,126.7293838
859,인천,남동구,논현2동,21651,인천광역시 남동구 논현고잔로 248(논현동),37.4041413,126.7163632
860,인천,남동구,논현고잔동,21679,인천광역시 남동구 앵고개로847번길 32(논현동),37.3977711,126.7263617
861,인천,부평구,부평1동,21387,인천광역시 부평구 부평문화로37번길 1,37.4942268,126.7200718
862,인천,부평구,부평2동,21409,인천광역시 부평구 부영로 23,37.4874071,126.7172508
863,인천,부평구,부평3동,21405,"인천광역시 부평구 마장로 82, 2층",37.4860849,126.7082984
864,인천,부평구,부평4동,21359,인천광역시 부평구 주부토로 65,37.5008097,126.7250065
865,인천,부평구,부평5동,21353,"인천광역시 부평구 장제로 150, 2층",37.4988828,126.7311741
866,인천,부평구,부평6동,21431,인천광역시 부평구 동수로 70 ,37.4851119,126.726589
867,인천,부평구,산곡1동,21362,"인천광역시 부평구 마장로 320, 4층",37.5067493,126.7037583
868,인천,부평구,산곡2동,21362,인천광역시 부평구 안남로 255,37.5058621,126.7084604
869,인천,부평구 ,산곡3동,21384,인천광역시 부평구 경원대로 1269-2,37.49076,126.7095698
870,인천,부평구,산곡4동,21377,인천광역시 부평구 부흥로173번길 68,37.5017621,126.711446
871,인천,부평구,청천1동,21303,인천광역시 부평구 산청로 119,37.5137563,126.7016428
872,인천,부평구,청천2동,21312,인천광역시 부평구 마장로410번길 5,37.5148831,126.7045549
873,인천,부평구,갈산1동,21330,인천광역시 부평구 주부토로 254,37.5175705,126.7272726
874,인천,부평구,갈산2동,21335,인천광역시 부평구 주부토로 173,37.5106355,126.7257096
875,인천,부평구,삼산1동,21318,인천광역시 부평구 후정동로 9,37.5183103,126.737426
876,인천,부평구,삼산2동,21327,인천광역시 부평구 굴포로 137,37.5117609,126.7363916
877,인천,부평구,부개1동,21421,인천광역시 부평구 동수로162번길 11,37.4848304,126.7369108
878,인천,부평구,부개2동,21398,인천광역시 부평구 동수천로 104,37.4947551,126.7371362
879,인천,부평구,부개3동,21351,인천광역시 부평구 길주남로 117,37.5043351,126.7347203
880,인천,부평구,일신동,21418,인천광역시 부평구 경인로1148번길 6,37.4844514,126.7469443
881,인천,부평구,십정1동,21451,"인천광역시 부평구 열우물로 103, 2층",37.475782,126.6961284
882,인천,부평구,십정2동,21436,인천광역시 부평구 동암산로33번길 6-7,37.4737906,126.707928
883,인천,계양구,효성1동,21095,인천광역시 계양구 봉오대로569번길 22,37.5325123,126.7121362
884,인천,계양구,효성2동,21106,인천광역시 계양구 아나지로 162,37.5250932,126.7098232
885,인천,계양구,계산1동,21054,인천광역시 계양구 향교로 24,37.5396557,126.7213474
886,인천,계양구,계산2동,21040,인천광역시 계양구 주부토로 559,37.5441998,126.7281932
887,인천,계양구,계산3동,21059,인천광역시 계양구 계산새로 7,37.5377773,126.7291827
888,인천,계양구,계산4동,21071,인천광역시 계양구 용종로 12-8,37.5345305,126.7417212
889,인천,계양구,작전1동,21085,인천광역시 계양구 봉오대로 727,37.5308389,126.7296866
890,인천,계양구,작전2동,21089,인천광역시 계양구 봉오대로677번길 23,37.5330984,126.7240302
891,인천,계양구,작전서운동,21125,인천광역시 계양구 효서로 361,37.5281104,126.7364298
892,인천,계양구,계양1동,21007,인천광역시 계양구 장기서로 8,37.5767904,126.7341471
893,인천,계양구,계양2동,21034,인천광역시 계양구 장제로 853,37.5585514,126.7343578
894,인천,계양구,계양3동,21018,인천광역시 계양구 양지로 31,37.5615951,126.7548656
895,인천,서구,검암경서동,22696,인천광역시 서구 승학로 480,37.5643462,126.6735808
896,인천,서구,연희동,22713,인천광역시 서구 간촌로 12,37.5490576,126.678316
897,인천,서구,청라1동,22738,인천광역시 서구 청라라임로 58,37.5325994,126.6536818
898,인천,서구,청라2동,22761,인천광역시 서구 청라커낼로 269,37.5325707,126.6442092
899,인천,서구,청라3동,22758,인천광역시 서구 청라한내로 89,37.5332796,126.6271266
900,인천,서구,가정1동,22775,인천광역시 서구 가정로406번길 25,37.5208698,126.6751807
901,인천,서구,가정2동,22715,인천광역시 서구 서곶로 100,37.5655218,126.6790324
902,인천,서구,가정3동,22799,인천광역시 서구 서달로179번길 12-16,37.5154777,126.6778394
903,인천,서구,신현원창동,22782,인천광역시 서구 가정로335번길 3,37.5146623,126.6722634
904,인천,서구,석남1동,22784,인천광역시 서구 가정로294번길 17,37.5111415,126.6748677
905,인천,서구,석남2동,22796,인천광역시 서구 거북로 116,37.5026523,126.6746743
906,인천,서구,석남3동,22802,인천광역시 서구 서달로 107,37.5081296,126.6783245
907,인천,서구,가좌1동,22834,인천광역시 서구 가정로112번길 10,37.4942749,126.6725876
908,인천,서구,가좌2동,22815,인천광역시 서구 장고개로309번길 4,37.4907982,126.6849114
909,인천,서구,가좌3동,22817,인천광역시 서구 원적로57번길 4,37.4924038,126.6798567
910,인천,서구,가좌4동,22821,인천광역시 서구 장고개로280번길 14,37.4874623,126.6835799
911,인천,서구,검단동,22611,인천광역시 서구 검단로529번길 14,37.6051115,126.6618611
912,인천,서구,불로대곡동,22627,인천광역시 서구 검단로 814,37.6170007,126.6890669
913,인천,서구,원당동,22625,인천광역시 서구 고산로 24,37.5949462,126.7017886
914,인천,서구,당하동,22677,인천광역시 서구 청마로167번길 19,37.592061,126.6745952
915,인천,서구,오류왕길동,22657,인천광역시 서구 봉화로 42,37.5970437,126.6376061
916,인천,서구,마전동,22642,인천광역시 서구 완정로10번길 14,37.5953736,126.6736994
917,인천,서구,아라동,22865,인천광역시 서구 바리미로 23,37.5867491,126.6164749
918,인천,강화군,강화읍,23032,인천광역시 강화군 강화읍 강화대로440번길 10,37.7491727,126.4829741
919,인천,강화군,선원면,23043,인천광역시 강화군 선원면 대문고개로 22,37.714157,126.4843327
920,인천,강화군,불은면,23046,인천광역시 강화군 불은면 강화동로 562-3,37.6872133,126.4798702
921,인천,강화군,길상면,23050,인천광역시 강화군 길상면 마니산로21,37.6394329,126.4770262
922,인천,강화군,화도면,23060,인천광역시 강화군 화도면 마니산로 703-14,37.6323762,126.4202107
923,인천,강화군,양도면,23057,인천광역시 강화군 양도면 강화남로 708-2,37.6633456,126.4220365
924,인천,강화군,내가면,23018,인천광역시 강화군 내가면 강화서로 249,37.7200716,126.3893672
925,인천,강화군,하점면,23015,인천광역시 강화군 하점면 강화대로 1220,37.7752157,126.410689
926,인천,강화군,양사면,23011,인천광역시 강화군 양사면 전망대로 1391,37.7988089,126.4072892
927,인천,강화군,송해면,23019,인천광역시 강화군 송해면 전망대로 29,37.765448,126.4626699
928,인천,강화군,교동면,23002,인천광역시 강화군 교동면 교동동로 485-13,37.784484,126.2830031
929,인천,강화군,삼산면,23005,인천광역시 강화군 삼산면 삼산북로 475,37.7055168,126.320249
930,인천,강화군,서도면,23008,인천광역시 강화군 서도면 주문도1길 16,37.6503966,126.2393174
931,인천,옹진군,북도면,23114,인천광역시 옹진군 북도면 시도로 82,37.5327118,126.4296067
932,인천,옹진군,연평면,23108,인천광역시 옹진군 연평면 연평중앙로24번길 3,37.6645263,125.7051534
933,인천,옹진군,백령면,23101,인천광역시 옹진군 백령면 백령로278번길 61-2,37.9742219,124.7213638
934,인천,옹진군,대청면,23105,인천광역시 옹진군 대청면 대청로19번길 59,37.8253278,124.715691
935,인천,옹진군,덕적면,23130,인천광역시 옹진군 덕적면 덕적북로 130 ,37.2277308,126.1452144
936,인천,옹진군,자월면,23125,인천광역시 옹진군 자월면 자월서로 164 ,37.2543397,126.3073947
937,인천,옹진군,영흥면,23119,인천광역시 옹진군 영흥면 영흥로251번길 90,37.2559865,126.4837862
1195,경기,수원시 장안구,파장동 ,16204,경기도 수원시 장안구 파장천로 60,37.3102642,126.9974058
1196,경기,수원시 장안구,율천동 ,16417,경기도 수원시 장안구 서부로2106번길 27,37.2975385,126.9713731
1197,경기,수원시 장안구,정자1동 ,16339,경기도 수원시 장안구 정자로130번길 20,37.3022056,126.9911324
1198,경기,수원시 장안구,정자2동 ,16312,경기도 수원시 장안구 송정로24번길 34,37.2950107,127.00051
1199,경기,수원시 장안구,정자3동 ,16333,경기도 수원시 장안구 대평로 85,37.2958208,126.9925261
1200,경기,수원시 장안구,영화동 ,16269,경기도 수원시 장안구 수성로382번길 24,37.2929963,127.0140081
1201,경기,수원시 장안구,송죽동 ,16305,경기도 수원시 장안구 송원로41번길 16-21,37.3002278,127.0067743
1202,경기,수원시 장안구,조원1동 ,16282,경기도 수원시 장안구 금당로 56,37.3018392,127.0165292
1203,경기,수원시 장안구,조원2동 ,16294,경기도 수원시 장안구 송원로 109-50,37.305626,127.0095673
1204,경기,수원시 장안구,연무동 ,16265,경기도 수원시 장안구 경수대로 757,37.2904762,127.0216285
1205,경기,수원시 권선구,세류1동 ,16593,경기도 수원시 권선구 세류로38번길 10,37.2622268,127.0080804
1206,경기,수원시 권선구,세류2동 ,16588,경기도 수원시 권선구 덕영대로 1107,37.2532909,127.0131529
1207,경기,수원시 권선구,세류3동 ,16576,경기도 수원시 권선구 정조로 557,37.2591802,127.0120125
1208,경기,수원시 권선구,평동 ,16599,경기도 수원시 권선구 평동로76번길 13,37.2581611,126.9942035
1209,경기,수원시 권선구,서둔동 ,16617,경기도 수원시 권선구 서호로 146,37.2724064,126.9860029
1210,경기,수원시 권선구,구운동 ,16408,경기도 수원시 권선구 구운로47번길 57-33,37.2771292,126.9714898
1211,경기,수원시 권선구,금곡동 ,16397,경기도 수원시 권선구 금곡로196번길 20,37.2726967,126.9522141
1212,경기,수원시 권선구,호매실동 ,16400,경기도 수원시 권선구 칠보로 161,37.2662548,126.9570465
1213,경기,수원시 권선구,권선1동 ,16566,경기도 수원시 권선구 경수대로352번길 29,37.2576783,127.0246122
1214,경기,수원시 권선구,권선2동 ,16558,경기도 수원시 권선구 권중로 85,37.2511985,127.0296289
1215,경기,수원시 권선구,곡선동 ,16667,경기도 수원시 권선구 동수원로146번길 174,37.2430992,127.0332149
1216,경기,수원시 권선구,입북동 ,16367,경기도 수원시 권선구 입북로 17,37.2932218,126.9595413
1217,경기,수원시 팔달구,행궁동 ,16251,경기도 수원시 팔달구 신풍로23번길 40,37.28402,127.0126618
1218,경기,수원시 팔달구,매교동 ,16466,경기도 수원시 팔달구 효원로89번길 60,37.2686834,127.0143947
1219,경기,수원시 팔달구,매산동 ,16456,경기도 수원시 팔달구 매산로 45,37.2688839,127.0059417
1220,경기,수원시 팔달구,고등동 ,16450,경기도 수원시 팔달구 고등로 37,37.2734316,127.001102
1221,경기,수원시 팔달구,화서1동 ,16442,경기도 수원시 팔달구 동말로4번길 10,37.2765655,126.9949577
1222,경기,수원시 팔달구,화서2동 ,16425,경기도 수원시 팔달구 화산로6번길 6,37.2851109,126.9863356
1223,경기,수원시 팔달구,지동 ,16248,경기도 수원시 팔달구 세지로 339,37.2815178,127.0246599
1224,경기,수원시 팔달구,우만1동 ,16237,경기도 수원시 팔달구 경수대로656번길 37-17,37.2849036,127.0301161
1225,경기,수원시 팔달구,우만2동,16498,경기도 수원시 팔달구 중부대로207번길 33,37.2779457,127.0397295
1226,경기,수원시 팔달구,인계동 ,16475,경기도 수원시 팔달구 인계로 123,37.269308,127.0320388
1227,경기,수원시 영통구,매탄1동 ,16532,경기도 수원시 영통구 인계로189번길 119,37.2705246,127.0405176
1228,경기,수원시 영통구,매탄2동 ,16524,경기도 수원시 영통구 매영로39번길 21,37.2701663,127.0474252
1229,경기,수원시 영통구,매탄3동 ,16548,경기도 수원시 영통구 동탄원천로881번길 76,37.2564012,127.0430476
1230,경기,수원시 영통구,매탄4동 ,16541,경기도 수원시 영통구 산남로 26-4,37.2651019,127.0487112
1231,경기,수원시 영통구,원천동 ,16518,경기도 수원시 영통구 중부대로 339,37.2735271,127.0532684
1232,경기,수원시 영통구,광교1동 ,16509,경기도 수원시 영통구 도청로89번길 20,37.2901557,127.0474744
1233,경기,수원시 영통구,광교2동 ,16512,경기도 수원시 영통구 법조로149번길 155,37.2922591,127.0701199
1234,경기,수원시 영통구,영통1동 ,16712,경기도 수원시 영통구 봉영로1759번길 23,37.2663538,127.0805607
1235,경기,수원시 영통구,영통2동 ,16679,경기도 수원시 영통구 영통로217번길 12,37.2469368,127.0562847
1236,경기,수원시 영통구,영통3동 ,16705,경기도 수원시 영통구 반달로 105,37.2525674,127.076906
1237,경기,수원시 영통구,망포1동 ,16692,경기도 수원시 영통구 영통로90번길 4-16,37.2378466,127.0608362
1238,경기,수원시 영통구,망포2동 ,16686,경기도 수원시 영통구 태장로54번길 10,37.238809,127.0516471
1239,경기,고양시 덕양구,주교동,10458,경기도 고양시 덕양구 고양대로1315번길 71,37.6594151,126.8297845
1240,경기,고양시 덕양구,원신동,10565,경기도 고양시 덕양구 호국로 1261,37.6618246,126.8599831
1241,경기,고양시 덕양구,흥도동,10480,경기도 고양시 덕양구 흥도로454번길 44,37.6448639,126.8542179
1242,경기,고양시 덕양구,성사1동,10462,경기도 고양시 덕양구 호국로 793,37.6618246,126.8599831
1243,경기,고양시 덕양구,성사2동,10469,경기도 고양시 덕양구 호국로742번길 6-6,37.6529183,126.8329231
1244,경기,고양시 덕양구,효자동,10583,경기도 고양시 덕양구 오부자로 32,37.6533023,126.9105715
1245,경기,고양시 덕양구,삼송1동,10509,경기도 고양시 덕양구 신도길 8-8,37.6526013,126.8937226
1246,경기,고양시 덕양구,삼송2동,10509,경기도 고양시 덕양구 신도길 8-8,37.6526013,126.8937226
1247,경기,고양시 덕양구,창릉동,10597,경기도 고양시 덕양구 동세로 30,37.6455004,126.8866575
1248,경기,고양시 덕양구,고양동,10275,경기도 고양시 덕양구 벽제관로 5,37.7033498,126.9037482
1249,경기,고양시 덕양구,관산동,10287,경기도 고양시 덕양구 통일로 789,37.6882106,126.8626414
1250,경기,고양시 덕양구,능곡동,10509,경기도 고양시 덕양구 토당로 83,37.6226188,126.8181431
1251,경기,고양시 덕양구,화정1동,10472,경기도 고양시 덕양구 화중로 197,37.6446533,126.8335794
1252,경기,고양시 덕양구,화정2동,10499,경기도 고양시 덕양구 화신로 232,37.630506,126.8357633
1253,경기,고양시 덕양구,행주동,10516,경기도 고양시 덕양구 지도로14번길 11,37.6184365,126.8253966
1254,경기,고양시 덕양구,행신1동,10518,경기도 고양시 덕양구 중앙로 541-12,37.6222767,126.8359381
1255,경기,고양시 덕양구,행신2동,10518,경기도 고양시 덕양구 충경로 30,37.6152123,126.8329943
1256,경기,고양시 덕양구,행신3동,10494,경기도 고양시 덕양구 중앙로558번길 78,37.6263409,126.8385908
1257,경기,고양시 덕양구,행신4동,10486,"경기도 고양시 덕양구 중앙로 454, 4층",37.6186183,126.8450031
1258,경기,고양시 덕양구,화전동,10540,경기도 고양시 덕양구 중앙로 131,37.6000642,126.872606
1259,경기,고양시 덕양구,대덕동,10541,경기도 고양시 덕양구 덕은로 60-22,37.5855139,126.8752196
1260,경기,고양시 일산동구,식사동,10323,경기도 고양시 일산동구 위시티2로11번길 22-21,37.6772912,126.8136848
1261,경기,고양시 일산동구,중산1동,10333,경기도 고양시 일산동구 중산로 224,37.691805,126.7804511
1262,경기,고양시 일산동구,중산2동,10311,"경기도 고양시 일산동구 하늘마을1로 2, 6층",37.6745132,126.786024
1263,경기,고양시 일산동구,정발산동,10358,경기도 고양시 일산동구 일산로 422,37.6724645,126.7798572
1264,경기,고양시 일산동구,풍산동,10308,경기도 고양시 일산동구 숲속마을1로 36,37.6641607,126.7997714
1265,경기,고양시 일산동구,백석1동,10445,경기도 고양시 일산동구 일산로 145,37.6496747,126.7924929
1266,경기,고양시 일산동구,백석2동,10447,경기도 고양시 일산동구 장백로 72,37.6439259,126.7854772
1267,경기,고양시 일산동구,마두1동,10417,경기도 고양시 일산동구 일산로 218,37.6557835,126.7897176
1268,경기,고양시 일산동구,마두2동,10416,경기도 고양시 일산동구 강송로 166,37.6535754,126.7844209
1269,경기,고양시 일산동구,장항1동,10431,경기도 고양시 일산동구 장항로225번길 72,37.6416206,126.7706763
1270,경기,고양시 일산동구,장항2동,10422,경기도 고양시 일산동구 노루목로 114,37.649936,126.7783048
1271,경기,고양시 일산동구,고봉동,10258,경기도 고양시 일산동구 성현로 397-18,37.7018744,126.8271363
1272,경기,고양시 일산서구,일산1동,10348,경기도 고양시 일산서구 원일로 55,37.6871367,126.7685754
1273,경기,고양시 일산서구,일산2동,10340,경기도 고양시 일산서구 고봉로 283,37.6845995,126.7772808
1274,경기,고양시 일산서구,일산3동,10356,경기도 고양시 일산서구 강선로 158,37.6769826,126.7702795
1275,경기,고양시 일산서구,탄현1동,10244,경기도 고양시 일산서구 홀트로 36,37.6942783,126.7684246
1276,경기,고양시 일산서구,탄현2동,10248,경기도 고양시 일산서구 탄현로 120,37.7022045,126.7677084
1277,경기,고양시 일산서구,주엽1동,10386,경기도 고양시 일산서구 강성로 109,37.6700994,126.7633085
1278,경기,고양시 일산서구,주엽2동,10388,경기도 고양시 일산서구 주엽로 178,37.6741365,126.7604216
1279,경기,고양시 일산서구,대화동,10368,경기도 고양시 일산서구 일산로 668,37.6829498,126.7550963
1280,경기,고양시 일산서구,송포동,10218,경기도 고양시 일산서구 대화로 143,37.6715075,126.7355661
1281,경기,고양시 일산서구,덕이동,10237,경기도 고양시 일산서구 덕이로 50-7,37.6907991,126.754346
1282,경기,고양시 일산서구,가좌동,10214,경기도 고양시 일산서구 송산로374번길 7,37.6845694,126.7208634
1283,경기,성남시 수정구,신흥1동,13338,경기도 성남시 수정구 수정로188번길 7,37.4430328,127.1411768
1284,경기,성남시 수정구,신흥2동,13263,경기도 성남시 수정구 수정로 267,37.4490823,127.1451377
1285,경기,성남시 수정구,신흥3동,13350,경기도 성남시 수정구 공원로349번길 8,37.4435592,127.1488443
1286,경기,성남시 수정구,태평1동,13110,경기도 성남시 수정구 모란로 88,37.4406491,127.1261919
1287,경기,성남시 수정구,태평2동,13289,경기도 성남시 수정구 남문로 108,37.4471925,127.1386867
1288,경기,성남시 수정구,태평3동,13301,경기도 성남시 수정구 남문로 54,37.4454529,127.1330588
1289,경기,성남시 수정구,태평4동,13279,경기도 성남시 수정구 남문로 134,37.4477042,127.1414822
1290,경기,성남시 수정구,수진1동,13332,경기도 성남시 수정구 탄리로 19,37.4385595,127.1390269
1291,경기,성남시 수정구,수진2동,13320,경기도 성남시 수정구 성남대로 1204,37.4372407,127.1287691
1292,경기,성남시 수정구,단대동,13145,경기도 성남시 수정구 희망로506번길 21,37.4494152,127.155502
1293,경기,성남시 수정구,산성동,13130,경기도 성남시 수정구 수정남로 261,37.4522152,127.1500665
1294,경기,성남시 수정구,양지동,13140,경기도 성남시 수정구 산성대로 483,37.4549099,127.1609432
1295,경기,성남시 수정구,복정동,13113,경기도 성남시 수정구 복정로 144,37.4658812,127.1271131
1296,경기,성남시 수정구,위례동,13645,경기도 성남시 수정구 위례순환로 125,37.4713243,127.1422983
1297,경기,성남시 수정구,신촌동,13100,경기도 성남시 수정구 오야로 19,37.4546958,127.1044949
1298,경기,성남시 수정구,고등동,13105,경기 성남시 수정구 대왕판교로 985,37.4316527,127.1032074
1299,경기,성남시 수정구,시흥동,13445,경기도 성남시 수정구 여수대로56번길 6,37.4220059,127.1079739
1300,경기,성남시 중원구,성남동,13356,경기도 성남시 중원구 광명로 89,37.4353385,127.1385133
1301,경기,성남시 중원구,중앙동,13250,경기도 성남시 중원구 광명로264번길 1,37.4429256,127.1562412
1302,경기,성남시 중원구,금광1동,13182,경기도 성남시 중원구 광명로 328,37.4451163,127.1623829
1303,경기,성남시 중원구,금광2동,13177,경기도 성남시 중원구 광명로 345,37.4462382,127.1640353
1304,경기,성남시 중원구,은행1동,13164,경기도 성남시 중원구 은행로 85,37.4520474,127.168932
1305,경기,성남시 중원구,은행2동,13153,경기도 성남시 중원구 은이로 21,37.4570926,127.1665709
1306,경기,성남시 중원구,상대원1동,13228,경기도 성남시 중원구 둔촌대로 425,37.4332268,127.1643732
1307,경기,성남시 중원구,상대원2동,13394,경기도 성남시 중원구 둔촌대로 388,37.4310625,127.1597326
1308,경기,성남시 중원구,상대원3동,13235,경기도 성남시 중원구 박석로 78,37.4396894,127.1654791
1309,경기,성남시 중원구,하대원동,13406,경기도 성남시 중원구 둔촌대로 252,37.4283119,127.1464064
1310,경기,성남시 중원구,도촌동,13420,경기도 성남시 중원구 도촌북로 28,37.4164913,127.1528007
1311,경기,성남시 분당구,분당동,13582,경기도 성남시 분당구 불정로 312,37.3702673,127.1312313
1312,경기,성남시 분당구,수내1동,13597,경기도 성남시 분당구 내정로173번길 21,37.3755831,127.1179556
1313,경기,성남시 분당구,수내2동,13599,경기도 성남시 분당구 내정로166번길 17,37.3715578,127.1210779
1314,경기,성남시 분당구,수내3동,13600,경기도 성남시 분당구 돌마로356번길 43,37.366839,127.1260638
1315,경기,성남시 분당구,정자동,13612,경기도 성남시 분당구 황새울로18번길 14,37.3614828,127.1115304
1316,경기,성남시 분당구,정자1동,13554,경기도 성남시 분당구 성남대로407번길 12,37.3727656,127.1064079
1317,경기,성남시 분당구,정자2동,13607,경기도 성남시 분당구 내정로 66,37.366007,127.1151648
1318,경기,성남시 분당구,정자3동,13603,경기도 성남시 분당구 돌마로 242,37.3608761,127.1194575
1319,경기,성남시 분당구,서현1동,13588,경기도 성남시 분당구 중앙공원로39번길 35,37.3828943,127.1260648
1320,경기,성남시 분당구,서현2동,13586,경기도 성남시 분당구 돌마로476번길 17,37.3760016,127.1345134
1321,경기,성남시 분당구,이매1동,13566,경기도 성남시 분당구 성남대로779번길 10,37.3995649,127.1272373
1322,경기,성남시 분당구,이매2동,13523,경기도 성남시 분당구 탄천로79번길 19,37.3995902,127.1217902
1323,경기,성남시 분당구,야탑1동,13506,경기도 성남시 분당구 장미로86번길 18,37.4120267,127.1302594
1324,경기,성남시 분당구,야탑2동,13520,경기도 성남시 분당구 야탑로76번길 5,37.4094346,127.127292
1325,경기,성남시 분당구,야탑3동,13504,경기도 성남시 분당구 야탑로167번길 12,37.4108173,127.1378652
1326,경기,성남시 분당구,금곡동,13615,경기도 성남시 분당구 성남대로171번길 14,37.351586,127.1070713
1327,경기,성남시 분당구,구미동,13622,경기도 성남시 분당구 구미로 130,37.3402274,127.1226441
1328,경기,성남시 분당구,구미1동,13627,경기도 성남시 분당구 돌마로90번길 8,37.3493237,127.1117754
1329,경기,성남시 분당구,판교동,13479,경기도 성남시 분당구 서판교로32번길 9,37.3899166,127.098695
1330,경기,성남시 분당구,삼평동,13490,경기도 성남시 분당구 동판교로266번길 7,37.4060855,127.1163103
1331,경기,성남시 분당구,백현동,13532,경기도 성남시 분당구 동판교로 21,37.388426,127.1108775
1332,경기,성남시 분당구,운중동,13466,경기도 성남시 분당구 운중로138번길 10,37.3905784,127.0778701
1333,경기,용인시 처인구,포곡읍,17028,경기도 용인시 처인구 포곡읍 포곡로 258,37.2776653,127.2307218
1334,경기,용인시 처인구,모현읍,17036,경기도 용인시 처인구 모현읍 독점로 31-6,37.329454,127.2424977
1335,경기,용인시 처인구,이동읍,17136,경기도 용인시 처인구 이동읍 경기동로 673,37.1410924,127.1959435
1336,경기,용인시 처인구,남사읍,17118,경기도 용인시 처인구 남사면 내기로 22,37.1153691,127.1503964
1337,경기,용인시 처인구,원삼면,17168,경기도 용인시 처인구 원삼면 원양로 64,37.1664248,127.3131017
1338,경기,용인시 처인구,백암면,17178,경기도 용인시 처인구 백암면 백암로 189,37.1636571,127.3753639
1339,경기,용인시 처인구,양지면,17158,경기도 용인시 처인구 양지면 양지로105번길 5,37.2352545,127.2797768
1340,경기,용인시 처인구,중앙동,17051,경기도 용인시 처인구 금령로78번길 7,37.2344844,127.2051124
1341,경기,용인시 처인구,역북동,17055,경기도 용인시 처인구 명지로 16,37.2344201,127.188124
1342,경기,용인시 처인구,삼가동,16997,경기도 용인시 처인구 동백죽전대로 61,37.250205,127.1655915
1343,경기,용인시 처인구,유림동,17043,경기도 용인시 처인구 백옥대로 1315,37.2525768,127.2115544
1344,경기,용인시 처인구,동부동,17144,경기도 용인시 처인구 중부대로 1574,37.2328536,127.219157
1345,경기,용인시 기흥구,신갈동,16969,경기도 용인시 기흥구 신갈로58번길 11,37.2725816,127.1067519
1346,경기,용인시 기흥구,영덕1동,16953,경기도 용인시 기흥구 흥덕2로118번길 2,37.2778331,127.0745191
1347,경기,용인시 기흥구,영덕2동,17095,경기도 용인시 기흥구 덕영대로2077번길 68,37.2665953,127.0918671
1348,경기,용인시 기흥구,구갈동,16977,경기도 용인시 기흥구 강남로 23,37.2723965,127.1275648
1349,경기,용인시 기흥구,상갈동,17072,경기도 용인시 기흥구 상갈로 2,37.2665486,127.1077799
1350,경기,용인시 기흥구,보라동,17080,경기도용인시 기흥구 한보라1로10번길 6-10,37.2539534,127.1083109
1351,경기,용인시 기흥구,기흥동,17085,경기도 용인시 기흥구 고매로43번길 12-14,37.2314987,127.1154714
1352,경기,용인시 기흥구,서농동,17109,경기도 용인시 기흥구 서천서로 79,37.2379473,127.0684488
1353,경기,용인시 기흥구,구성동,16917,경기도 용인시 기흥구 구성로77번길 17,37.2966821,127.1187796
1354,경기,용인시 기흥구,마북동,16910,경기도 용인시 기흥구 구교동로118번길 16,37.3015922,127.1176476
1355,경기,용인시 기흥구,동백1동,17006,경기도 용인시 기흥구 동백죽전대로 444,37.2780425,127.1517029
1356,경기,용인시 기흥구,동백2동,17007,경기도 용인시 기흥구 동백중앙로 214,37.2724065,127.1516984
1357,경기,용인시 기흥구,동백3동,16990,경기도 용인시 기흥구 동백죽전대로527번길 98-2,37.2810643,127.1442246
1358,경기,용인시 기흥구,상하동,16994,경기도 용인시 기흥구 어정로 62-23,37.2704886,127.1383485
1359,경기,용인시 기흥구,보정동,16898,경기도 용인시 기흥구 죽전로 40,37.3201395,127.1131368
1360,경기,용인시 수지구,풍덕천1동,16832,경기도 용인시 수지구 수지로342번길 3,37.3278515,127.095108
1361,경기,용인시 수지구,풍덕천2동,16844,경기도 용인시 수지구 풍덕천로 51,37.3194441,127.088719
1362,경기,용인시 수지구,신봉동,16845,경기도 용인시 수지구 수지로 215,37.3206698,127.0835335
1363,경기,용인시 수지구,죽전1동,16872,경기도 용인시 수지구 대지로15번길 50,37.3310968,127.1138654
1364,경기,용인시 수지구,죽전2동,16870,경기도 용인시 수지구 포은대로 523,37.325969,127.1056477
1365,경기,용인시 수지구,죽전3동,16873,경기 용인시 수지구 대지로 42,37.3279922,127.1141737
1366,경기,용인시 수지구,동천동,16825,경기도 용인시 수지구 신수로783번길 40,37.3417813,127.0990935
1367,경기,용인시 수지구,상현1동,16937,경기도 용인시 수지구 상현로 71,37.3047187,127.0813466
1368,경기,용인시 수지구,상현2동,16929,경기도 용인시 수지구 만현로 48,37.3106739,127.0866636
1369,경기,용인시 수지구,상현3동,16942,경기 용인시 수지구 법조로 223,37.2996724,127.0726951
1370,경기,용인시 수지구,성복동,16852,경기도 용인시 수지구 성복1로 100,37.3164325,127.0689699
1371,경기,부천시 원미구,심곡1동,14631,경기도 부천시 원미구 장말로351번길 9 (심곡동),37.4908832,126.7807043
1372,경기,부천시 원미구,심곡2동,14639,경기도 부천시 원미구 부흥로424번길 25 (심곡동),37.487401,126.7871615
1373,경기,부천시 원미구,심곡3동,14617,경기도 부천시 원미구 부일로 393 (심곡동),37.4853543,126.7795106
1374,경기,부천시 원미구,원미1동,14568,경기도 부천시 원미구 부천로122번길 60 (원미동),37.4944737,126.7885592
1375,경기,부천시 원미구,원미2동,14571,경기도 부천시 원미구 조종로36번길 26 (원미동),37.4919167,126.7882784
1376,경기,부천시 원미구,소사동,14660,경기도 부천시 원미구 소사로310번길 3-9 (소사동),37.5064378,126.8030795
1377,경기,부천시 원미구,역곡1동,14669,경기도 부천시 원미구 부일로791번길 14 (역곡동),37.4892212,126.8165957
1378,경기,부천시 원미구,역곡2동,14672,경기도 부천시 원미구 부일로699번길 35 (역곡동),37.4859879,126.8066578
1379,경기,부천시 원미구,춘의동,14552,경기도 부천시 원미구 부천로209번길 19 (춘의동),37.5026937,126.7858845
1380,경기,부천시 원미구,도당동,14480,경기도 부천시 원미구 평천로849번길 26-7 (도당동),37.5162744,126.7859538
1381,경기,부천시 원미구,약대동,14518,경기도 부천시 원미구 수도로 44 (약대동),37.5064378,126.8030795
1382,경기,부천시 원미구,중동,14626,경기도 부천시 원미구 부일로 342 (중동),37.4878119,126.7682017
1383,경기,부천시 원미구,중1동,14581,경기도 부천시 원미구 조마루로 250 (중동),37.4978473,126.7713773
1384,경기,부천시 원미구,중2동,14609,경기도 부천시 원미구 심중로119번길 8 (중동),37.493988,126.7698976
1385,경기,부천시 원미구,중3동,14534,경기도 부천시 원미구 옥산로113번길 39 (중동),37.5037565,126.7780472
1386,경기,부천시 원미구,중4동,14537,경기도 부천시 원미구 석천로209번길 15 (중동),37.5060176,126.7625972
1387,경기,부천시 원미구,상동,14600,경기도 부천시 원미구 석천로 83 (상동),37.4949002,126.7608042
1388,경기,부천시 원미구,상1동,14597,경기도 부천시 원미구 상일로 97 (상동),37.4918217,126.7531637
1389,경기,부천시 원미구,상2동,14589,경기도 부천시 원미구 조마루로 95 (상동),37.5005755,126.7542426
1390,경기,부천시 원미구,상3동,14540,경기도 부천시 원미구 상동로117번길 48 (상동),37.5082016,126.7508902
1391,경기,부천시 소사구,심곡본1동,14712,경기도 부천시 소사구 심곡로9번길 54 (심곡본동),37.4824368,126.7790019
1392,경기,부천시 소사구,심곡본동,14714,경기도 부천시 소사구 성주로249번길 19 (심곡본동),37.4807248,126.78003
1393,경기,부천시 소사구,소사본동,14757,경기도 부천시 소사구 호현로433 (소사본동),37.4763202,126.7921321
1394,경기,부천시 소사구,소사본1동,14762,경기도 부천시 소사구 은성로68번길 56 (소사본동),37.472751,126.7980728
1395,경기,부천시 소사구,범박동,14782,경기도 부천시 소사구 범안로129번길 17 (범박동),37.4706645,126.8097927
1396,경기,부천시 소사구,옥길동,14786,"경기도 부천시 소사구 옥길로 116, 문영 퀸즈파크 A동 402~405호(옥길동)",37.4668051,126.822678
1397,경기,부천시 소사구,괴안동,14697,경기도 부천시 소사구 범안로 38 (괴안동),37.4782774,126.8070123
1398,경기,부천시 소사구,역곡3동,14681,경기도 부천시 소사구 부광로8번길 53 (괴안동),37.4826215,126.8102033
1399,경기,부천시 소사구,송내1동,14731,경기도 부천시 소사구 경인로9번길 25 (송내동),37.48426,126.7561989
1400,경기,부천시 소사구,송내2동,14726,경기도 부천시 소사구 중동로22번길 101 (송내동),37.4825213,126.7695815
1401,경기,부천시 오정구,성곡동,14463,경기도 부천시 오정구 성오로 25 (여월동),37.5166869,126.8033692
1402,경기,부천시 오정구,원종1동,14419,경기도 부천시 오정구 원종로51번길 43 (원종동),37.5304772,126.7837191
1403,경기,부천시 오정구,원종2동,14429,경기도 부천시 오정구 성오로 129 (오정동),37.5251112,126.7991581
1404,경기,부천시 오정구,고강본동,14409,경기도 부천시 오정구 고리울로 79 (고강동),37.5270927,126.8248341
1405,경기,부천시 오정구,고강1동,14415,경기도 부천시 오정구 고강로72번길 8 (고강동),37.5293924,126.8120085
1406,경기,부천시 오정구,오정동,14434,경기도 부천시 오정구 오정로252번길 88 (오정동),37.5288062,126.7908379
1407,경기,부천시 오정구,신흥동,14451,경기도 부천시 오정구 삼작로 109 (삼정동),37.5204373,126.7735237
1408,경기,안산시 상록구,일동,15327,경기도 안산시 상록구 성호로 53 ,37.3103558,126.86618
1409,경기,안산시 상록구,이동,15513,경기도 안산시 상록구 이동로 46 ,37.3054299,126.8607886
1410,경기,안산시 상록구,사동,15582,경기도 안산시 상록구 석호로 171 ,37.2971013,126.8509949
1411,경기,안산시 상록구,사이동,15623,경기도 안산시 상록구 감골1로 52 ,37.2898348,126.8518785
1412,경기,안산시 상록구,해양동,15595,경기도 안산시 상록구 해양로 8 ,37.2947118,126.8201063
1413,경기,안산시 상록구,본오1동,15576,경기도 안산시 상록구 샘골로 16 ,37.2851545,126.8643101
1414,경기,안산시 상록구,본오2동,15543,경기도 안산시 상록구 석호로 349,37.2935675,126.8693685
1415,경기,안산시 상록구,본오3동,15537,경기도 안산시 상록구 용신로 376 ,37.3014265,126.863845
1416,경기,안산시 상록구,부곡동,15306,경기도 안산시 상록구 성호로 326 ,37.3318515,126.8610198
1417,경기,안산시 상록구,월피동,15277,경기도 안산시 상록구 시낭북로 4 ,37.3335154,126.8565953
1418,경기,안산시 상록구,성포동,15294,경기도 안산시 상록구 충장로 468 ,37.3206122,126.8495355
1419,경기,안산시 상록구,반월동,15521,경기도 안산시 상록구 건건로 51 ,37.3059702,126.9023085
1420,경기,안산시 상록구,안산동,15204,경기도 안산시 상록구 장하로 315 ,37.3618381,126.8732685
1421,경기,안산시 단원구,와동,15245,경기도 안산시 단원구 선부로 273 ,37.3416088,126.8256509
1422,경기,안산시 단원구,고잔동,15333,경기도 안산시 단원구 화정천동로 252 ,37.3270301,126.8191554
1423,경기,안산시 단원구,중앙동,15339,경기도 안산시 단원구 예술대학로 76 ,37.3239427,126.8376161
1424,경기,안산시 단원구,호수동,15473,경기도 안산시 단원구 광덕2로 125 ,37.310266,126.8243896
1425,경기,안산시 단원구,원곡동,15377,경기도 안산시 단원구 부부로 55 ,37.333234,126.7908979
1426,경기,안산시 단원구,백운동,15380,경기도 안산시 단원구 원선로 31,37.3281022,126.7970982
1427,경기,안산시 단원구,신길동,15403,경기도 안산시 단원구 삼일로 42-7,37.3348019,126.7831445
1428,경기,안산시 단원구,초지동,15445,경기도 안산시 단원구 초지동로 67 ,37.3099317,126.816826
1429,경기,안산시 단원구,선부1동,15365,경기도 안산시 단원구 선부광장서로 47 ,37.3343054,126.8044564
1430,경기,안산시 단원구,선부2동,15230,경기도 안산시 단원구 지곡로 46 ,37.3384996,126.8027336
1431,경기,안산시 단원구,선부3동,15212,경기도 안산시 단원구 선삼로 47 ,37.3449509,126.8126469
1432,경기,안산시 단원구,대부동,15645,경기도 안산시 단원구 대부중앙로 97-9 ,37.243537,126.5851151
1433,경기,남양주시,와부조안,12212,경기도 남양주시 와부읍 월문천로 35 ,37.5854363,127.2169926
1434,경기,남양주시,진접오남,12009,경기도 남양주시 진접읍 금강로 1509-26 ,37.7263588,127.1898925
1435,경기,남양주시,화도수동,12173,경기도 남양주시 화도읍 비룡로 59,37.6577032,127.3006846
1436,경기,남양주시,진건퇴계원,12140,경기도 남양주시 진건읍 진건오남로 41-19 ,37.6546915,127.1778414
1437,경기,남양주시,오남읍,12036,경기도 남양주시 오남읍 진건오남로 806-34 ,37.6985874,127.2045013
1438,경기,남양주시,퇴계원읍,12123,경기도 남양주시 퇴계원읍 도제원로 13,37.6491993,127.144713
1439,경기,남양주시,별내면,12090,경기도 남양주시 별내면 청학로8번길 22 ,37.7027021,127.124798
1440,경기,남양주시,수동면,12031,경기도 남양주시 수동면 비룡로 729 ,37.7034011,127.3259917
1441,경기,남양주시,조안면,12282,경기도 남양주시 조안면 북한강로 120 ,37.5358465,127.3032773
1442,경기,남양주시,호평평내,12151,경기도 남양주시 호평로68번길 21,37.6547148,127.2487107
1443,경기,남양주시,평내동,12223,경기도 남양주시 경춘로 1286,37.6484134,127.2360313
1444,경기,남양주시,금곡양정,12235,경기도 남양주시 경춘로 899,37.6303546,127.2016651
1445,경기,남양주시,양정동,12242,경기도 남양주시 홍유릉로 55,37.6162598,127.1871351
1446,경기,남양주시,다산행정,12248,경기도 남양주시 다산중앙로 7,37.6138974,127.1553959
1447,경기,남양주시,다산2동,12284,경기도 남양주시 다산지금로16번길 75,37.6076771,127.1693817
1448,경기,남양주시,별내,12112,경기도 남양주시 별내3로 64-21,37.6460162,127.1222152
1449,경기,안양시,안양1동,13995,경기도 안양시 만안구 장내로 170,37.3991227,126.9259471
1450,경기,안양시,안양2동,13990,경기도 안양시 만안구 안양로384번길 50,37.4050579,126.9177858
1451,경기,안양시,안양3동,14007,경기도 안양시 만안구 양화로 28,37.3962694,126.9147402
1452,경기,안양시,안양4동,14002,경기도 안양시 만안구 냉천로193번길 34,37.3965275,126.9178586
1453,경기,안양시,안양5동,13998,경기도 안양시 만안구 냉천로157번길 18,37.3943389,126.9208392
1454,경기,안양시,안양6동,14033,경기도 안양시 만안구 안양로170번길 23,37.3900348,126.9305822
1455,경기,안양시,안양7동,14038,경기도 안양시 만안구 덕천로 115,37.3914473,126.9336343
1456,경기,안양시,안양8동,14093,경기도 안양시 만안구 안양로111번길 17,37.3842171,126.9321202
1457,경기,안양시,안양9동,14019,경기도 안양시 만안구 병목안로142번길 12-9,37.3914887,126.9084879
1458,경기,안양시,석수1동,13909,경기도 안양시 만안구 경수대로 1252,37.4196162,126.9106346
1459,경기,안양시,석수2동,13964,경기도 안양시 만안구 안양로 496,37.4138693,126.9093619
1460,경기,안양시,충훈동,13971,경기도 안양시 만안구 충훈로90번길 36,37.4091941,126.8996111
1461,경기,안양시,박달1동,13984,경기도 안양시 만안구 양화로127번길 9,37.4036708,126.9090923
1462,경기,안양시,박달2동,14016,경기도 안양시 만안구 박달로 470,37.4019587,126.9046288
1463,경기,안양시,비산1동,13923,경기도 안양시 동안구 비산로12,37.4003526,126.9336601
1464,경기,안양시,비산2동,13953,경기도 안양시 동안구 관악대로106번길 70,37.3980143,126.9389243
1465,경기,안양시,비산3동,13917,경기도 안양시 동안구 운곡로 34,37.4053752,126.9467164
1466,경기,안양시,부흥동,14040,경기도 안양시 동안구 경수대로 813,37.3920623,126.9436549
1467,경기,안양시,달안동,14043,경기도 안양시 동안구 달안로 65,37.3960764,126.9501726
1468,경기,안양시,관양동,13939,경기도 안양시 동안구 관평로358번길 46,37.4061475,126.9614548
1469,경기,안양시,인덕원동,13950,경기도 안양시 동안구 관양로 215,37.4022655,126.9709583
1470,경기,안양시,부림동,14051,경기도 안양시 동안구 달안로 154,37.3987663,126.9594495
1471,경기,안양시,평촌동,14061,경기도 안양시 동안구 흥안대로456번길 21,37.3946901,126.9771004
1472,경기,안양시,평안동,14068,경기도 안양시 동안구 관평로138번길 39,37.3903589,126.9642571
1473,경기,안양시,귀인동,14101,경기도 안양시 동안구 부림로 16,37.3855228,126.9694424
1474,경기,안양시,호계1동,14112,경기도 안양시 동안구 경수대로 538,37.3708584,126.9582861
1475,경기,안양시,호계2동,14082,경기도 안양시 동안구 경수대로 657,37.3834361,126.9474874
1476,경기,안양시,호계3동,14123,경기도 안양시 동안구 경수대로 504,37.367629,126.9588204
1477,경기,안양시,범계동,14072,경기도 안양시 동안구 평촌대로217번길 63,37.3897933,126.9525325
1478,경기,안양시,신촌동,14099,경기도 안양시 동안구 동안로 28,37.3818524,126.9563514
1479,경기,안양시,갈산동,14106,경기도 안양시 동안구 흥안대로223번길 30,37.3761511,126.9661319
1480,경기,화성시,봉담읍,18316,경기도 화성시 봉담읍 샘마을1길 7 ,37.219975,126.9500149
1481,경기,화성시,우정읍,18563,경기도 화성시 우정읍 쌍봉로 109-14 ,37.0896077,126.8154755
1482,경기,화성시,향남읍,18592,경기도 화성시 향남읍 발안로 89 ,37.1321845,126.9204283
1483,경기,화성시,남양읍,18262,경기도 화성시 남양읍 남양성지로 192-5,37.2115784,126.8240602
1484,경기,화성시,매송면,18287,경기도 화성시 매송면 매송로 43 ,37.2524179,126.910065
1485,경기,화성시,비봉면,18284,경기도 화성시 비봉면 비봉로71번길 1,37.2338463,126.8735861
1486,경기,화성시,마도면,18537,경기도 화성시 마도면 마도북로 389 ,37.2049822,126.7702991
1487,경기,화성시,송산면,18549,경기도 화성시 송산면 매봉산길 12 ,37.2178749,126.738985
1488,경기,화성시,서신면,18555,경기도 화성시 서신면 궁평항로 1702 ,37.1662107,126.7088664
1489,경기,화성시,팔탄면,18527,경기도 화성시 팔탄면 구장길 14 ,37.1620622,126.9048367
1490,경기,화성시,장안면,18584,경기도 화성시 장안면 포승장안로 1460-7,37.0795363,126.831368
1491,경기,화성시,양감면,18633,경기도 화성시 양감면 초록로 7,37.0818625,126.9460528
1492,경기,화성시,정남면,18519,경기도 화성시 정남면 서봉로 998 ,37.1601163,126.9714131
1493,경기,화성시,새솔동,18236,경기도 화성시 수노을중앙로 178,37.2812059,126.8187549
1494,경기,화성시,진안동,18400,경기도 화성시 병점4로 34,37.2133365,127.034976
1495,경기,화성시,병점1동,18411,경기도 화성시 경기대로1010번길 11,37.2068603,127.0372421
1496,경기,화성시,병점2동,18403,경기도 화성시 병점3로 99,37.2115719,127.0431713
1497,경기,화성시,반월동,18377,경기도 화성시 영통로61번길 32,37.2331585,127.0606011
1498,경기,화성시,기배동,18341,경기도 화성시 기안남로 62,37.2241599,126.9848763
1499,경기,화성시,화산동,18360,경기도 화성시 화산중앙로 16,37.2060296,127.0146172
1500,경기,화성시,동탄1동,18446,경기도 화성시 동탄반석로 195,37.2064618,127.0719504
1501,경기,화성시,동탄2동,18443,경기도 화성시 동탄반석로 87,37.1969248,127.0722782
1502,경기,화성시,동탄3동,18431,경기도 화성시 동탄지성로 151,37.2099595,127.0586782
1503,경기,화성시,동탄4동,18476,경기도 화성시 동탄대로시범길 133,37.1998011,127.1122864
1504,경기,화성시,동탄5동,18466,경기도 화성시 동탄영천로 84,37.209948,127.1038409
1505,경기,화성시,동탄6동,18480,경기도 화성시 동탄감배산로 54,37.1913019,127.0902026
1506,경기,화성시,동탄7동,18501,경기도 화성시 동탄대로8길 36,37.1705023,127.1104143
1507,경기,화성시,동탄8동,18500,경기도 화성시 동탄대로 87,37.1623177,127.1053527
1508,경기,평택시,팽성읍,17990,경기도 평택시 팽성읍 동서촌로 89 ,36.964991,127.0622589
1509,경기,평택시,안중읍,17941,경기도 평택시 안중읍 안현로 400 ,36.9857908,126.9315195
1510,경기,평택시,포승읍,17965,경기도 평택시 포승읍 서동대로 1174-16,36.9827233,126.8851526
1511,경기,평택시,진위면,17712,경기도 평택시 진위면 봉남길 61 ,37.1000216,127.0907667
1512,경기,평택시,서탄면,17704,경기도 평택시 서탄면 금암2길 122 ,37.1081902,127.0352506
1513,경기,평택시,고덕면,17770,경기도 평택시 고덕면 고덕로 283,37.042118,127.0176978
1514,경기,평택시,오성면,17819,경기도 평택시 오성면 숙성시장길 23 ,37.0077282,126.9803314
1515,경기,평택시,청북읍,17812,경기도 평택시 청북읍 청원로 2,37.039762,126.9342398
1516,경기,평택시,현덕면,17946,경기도 평택시 현덕면 인광길 84 ,36.9671853,126.9213452
1517,경기,평택시,중앙동,17783,경기도 평택시 서정역로 16 ,37.0555304,127.0558346
1518,경기,평택시,서정동,17772,경기도 평택시 탄현로 170 ,37.067806,127.0546819
1519,경기,평택시,송탄동,17742,경기도 평택시 방여울로 117 ,37.0444421,127.0949606
1520,경기,평택시,지산동,17761,경기도 평택시 송탄로 379,37.0774063,127.0576143
1521,경기,평택시,송북동,17756,경기도 평택시 지산2로 113 ,37.0815811,127.0602228
1522,경기,평택시,신장1동,17752,경기도 평택시 신장로90번길 63 ,37.0839322,127.0525092
1523,경기,평택시,신장2동,17760,경기도 평택시 밀월로21번길 7 ,37.0764173,127.0524411
1524,경기,평택시,신평동,17912,경기도 평택시 평택3로 9 ,36.9900103,127.0926707
1525,경기,평택시,원평동,17921,경기도 평택시 원평2로 9 ,36.9891943,127.0804767
1526,경기,평택시,통복동,17879,경기도 평택시 통복시장로48번길 41 ,37.0008089,127.0873264
1527,경기,평택시,비전1동,17859,경기도 평택시 비전2로 330,37.0110183,127.1122606
1528,경기,평택시,비전2동,17901,경기도 평택시 중앙로 261 ,36.9902628,127.1117751
1529,경기,평택시,세교동,17828,"경기도 평택시 평택로 149, 1층",36.9987076,127.0794062
1530,경기,평택시,용이동,17869,경기도 평택시 현촌5길 5-19,36.9975692,127.1337251
1531,경기,평택시,동삭동,18032,경기도 평택시 상서재로2길 56-10,37.0152308,127.1034289
1532,경기,평택시,고덕동,18014,경기도 평택시 고덕면 고덕여염9길 37,37.0405067,127.0504805
1533,경기,의정부시,의정부1동,11699,경기도 의정부시 경의로 120(의정부동),37.7385219,127.0526295
1534,경기,의정부시,의정부2동,11671,경기도 의정부시 신흥로 275,37.7407739,127.0427946
1535,경기,의정부시,의정부3동,11699,경기도 의정부시 경의로 120,37.7329756,127.0464056
1536,경기,의정부시,장암동,11718,경기도 의정부시 장곡로250번길 23,37.726362,127.0542377
1537,경기,의정부시,호원1동,11710,경기도 의정부시 평화로230번길 12-9,37.7119948,127.0486463
1538,경기,의정부시,호원2동,11634,경기도 의정부시 신흥로 115,37.726385,127.0432081
1539,경기,의정부시,신곡1동,11729,경기도 의정부시 신곡로71,37.730076,127.0565352
1540,경기,의정부시,신곡2동,11740,경기도 의정부시 추동로 23번길 7,37.7436178,127.0580301
1541,경기,의정부시,송산1동,11792,경기도 의정부시 민락로 13,37.7311237,127.0868109
1542,경기,의정부시,송산2동,11809,경기도 의정부시 용민로 115,37.7396902,127.0899607
1543,경기,의정부시,송산3동,11812,경기도 의정부시 민락로 360,37.7532684,127.1138908
1544,경기,의정부시,자금동,11759,경기도 의정부시 거북로 13,37.7503386,127.0582416
1545,경기,의정부시,가능동,11676,경기도 의정부시 신촌로 35,37.7505561,127.0385953
1546,경기,의정부시,흥선동,11659,경기도 의정부시 흥선로 20,37.7462291,127.0306428
1547,경기,의정부시,녹양동,11607,경기도 의정부시 진등로 21 ,37.7600606,127.0323092
1548,경기,의정부시,고산동,11801,경기도 의정부시 바대논길 21,37.731503,127.1081077
1549,경기,시흥시,대야동,14902,경기도 시흥시 소래산길 11,37.4492366,126.7850118
1550,경기,시흥시,신천동,14953,경기도 시흥시 포도원로 72,37.4355442,126.7818444
1551,경기,시흥시,신현동,14957,경기도 시흥시 신현로 46,37.4059068,126.7846149
1552,경기,시흥시,은행동,14922,경기도 시흥시 수인로3247번길 25,37.4362592,126.7979606
1553,경기,시흥시,매화동,14939,경기도 시흥시 매화로 22,37.4179236,126.8153575
1554,경기,시흥시,목감동,14985,경기도 시흥시 목감우회로 23,37.3816693,126.8587138
1555,경기,시흥시,군자동,15069,경기도 시흥시 도일로102번길 11,37.3399632,126.7850355
1556,경기,시흥시,정왕본동,15048,경기도 시흥시 역전로 228,37.3492935,126.7462235
1557,경기,시흥시,정왕1동,15063,경기도 시흥시 정왕대로298번길 15,37.3401552,126.7439248
1558,경기,시흥시,정왕2동,15038,경기도 시흥시 정왕대로 122,37.3509558,126.7287811
1559,경기,시흥시,정왕3동,15030,경기도 시흥시 정왕대로53번길 38,37.357611,126.7264452
1560,경기,시흥시,정왕4동,15020,경기도 시흥시 함송로29번길 23,37.3654302,126.7322791
1561,경기,시흥시,거북섬동,15119,경기도 시흥시 거북섬5길 16,37.3210637,126.6836702
1562,경기,시흥시,배곧1동,15010,경기도 시흥시 배곧4로 94-41,37.3717157,126.7357764
1563,경기,시흥시,배곧2동,15012,경기도 시흥시 배곧1로 30,37.3620064,126.7131583
1564,경기,시흥시,과림동,14932,경기도 시흥시 금오로 383,37.4369331,126.8329308
1565,경기,시흥시,연성동,14998,경기도 시흥시 새재로 30,37.3816238,126.8035474
1566,경기,시흥시,능곡동,14995,경기도 시흥시 능곡로 140,37.3663813,126.8159891
1567,경기,시흥시,월곶동,14966,경기도 시흥시 월곶중앙로 30번안길  7,37.3889523,126.7424838
1568,경기,시흥시,장곡동,15002,경기도 시흥시 인선길 14,37.3774717,126.7875366
1569,경기,파주시,문산읍,10813,경기도 파주시 문산읍 통일로 1680,37.8567711,126.7903179
1570,경기,파주시,조리읍,10937,경기도 파주시 조리읍 봉천로 64,37.7447146,126.8051661
1571,경기,파주시,법원읍,10826,경기도 파주시 법원읍 사임당로907번길 21,37.8490477,126.8823928
1572,경기,파주시,파주읍,10835,경기도 파주시 파주읍 술이홀로 295,37.8305402,126.8198325
1573,경기,파주시,광탄면,10948,경기도 파주시 광탄면 혜음로 1044,37.7761607,126.8512386
1574,경기,파주시,탄현면,10858,경기도 파주시 탄현면 방촌로649번길 24-7,37.8023977,126.7161638
1575,경기,파주시,월롱면,10946,경기도 파주시 월롱면 엘지로 17,37.7995562,126.7891988
1576,경기,파주시,적성면,10803,경기도 파주시 적성면 청송로 1013,37.9542004,126.9176262
1577,경기,파주시,파평면,10801,경기도 파주시 파평면 청송로 189-21,37.9217217,126.8378254
1578,경기,파주시,교하동,10867,경기도 파주시 교하로 1401,37.7529313,126.7468695
1579,경기,파주시,운정1동,10894,경기도 파주시 와석순환로 415,37.7238773,126.7512267
1580,경기,파주시,운정2동,10894,경기도 파주시 와석순환로 415,37.7238773,126.7512267
1581,경기,파주시,운정3동,10901,경기도 파주시 교하로 239,37.7172045,126.7435306
1582,경기,파주시,금촌1동,10930,경기도 파주시 새꽃로 215,37.7663105,126.775981
1583,경기,파주시,금촌2동,10918,경기도 파주시 쇠재로 115,37.7515117,126.777278
1584,경기,파주시,금촌3동,10850,경기도 파주시 시청로 194,37.7712163,126.778153
1585,경기,김포시 ,통진읍,10019,경기도 김포시 통진읍 마송1로 77,37.6864797,126.598787
1586,경기,김포시 ,고촌읍,10129,경기도 김포시 고촌읍 장차로 14  ,37.6032906,126.7708814
1587,경기,김포시 ,양촌읍,10057,경기도 김포시 양촌읍 양곡1로68번길 37 ,37.6570392,126.6254998
1588,경기,김포시 ,대곶면,10040,경기도 김포시 대곶면 율생중앙로 58,37.6534664,126.5827739
1589,경기,김포시 ,월곶면,10024,경기도 김포시 월곶면 군하로 263,37.7151518,126.5529009
1590,경기,김포시 ,하성면,10011,경기도 김포시 하성면 애기봉로 845 ,37.7200447,126.6313689
1591,경기,김포시 ,김포본동,10106,경기도 김포시 북변1로 13,37.6275,126.7057161
1592,경기,김포시 ,장기본동,10081,경기도 김포시 김포대로 1433,37.6522112,126.6717047
1593,경기,김포시 ,사우동,10108,경기도 김포시 돌문로 51,37.6194255,126.716882
1594,경기,김포시 ,풍무동,10115,경기도 김포시 풍무로 74,37.6020249,126.7219908
1595,경기,김포시 ,장기동,10088,경기도 김포시 김포한강2로 112,37.6397836,126.6714148
1596,경기,김포시 ,구래동,10071,경기도 김포시 김포한강9로115번길 25 ,37.6465042,126.6237335
1597,경기,김포시 ,운양동,10078,경기도 김포시 모담공원로 32,37.6514244,126.6830959
1598,경기,김포시 ,마산동,10066,경기도 김포시 김포한강8로 246,37.6396985,126.6362101
1599,경기,광명시,광명1동,14201,경기도 광명시 광명로 947 ,37.4833655,126.8559275
1600,경기,광명시,광명2동,14201,경기도 광명시 광명로 947 ,37.4833655,126.8559275
1601,경기,광명시,광명3동,14221,경기도 광명시 광명로928번길 18-20 ,37.4802436,126.8569365
1602,경기,광명시,광명4동,14263,경기도 광명시 오리로 941 4층,37.4780701,126.8583105
1603,경기,광명시,광명5동,14284,경기도 광명시 너부대로35번길 20,37.4786755,126.8475352
1604,경기,광명시,광명6동,14295,경기도 광명시 광명로791번길 6,37.4710437,126.8486601
1605,경기,광명시,광명7동,14276,경기도 광명시 새터로 13,37.4693626,126.85316
1606,경기,광명시,철산1동,14224,경기도 광명시 사성로 121,37.4908671,126.8678945
1607,경기,광명시,철산2동,14229,경기도 광명시 시청로 94 ,37.4846591,126.8666228
1608,경기,광명시,철산3동,14238,경기도 광명시 철산로 56,37.4769688,126.8723587
1609,경기,광명시,철산4동,14222,"경기도 광명시 오리로 908, 3층",37.4774597,126.8620825
1610,경기,광명시,하안1동,14258,경기도 광명시 오리로 747,37.46512,126.8691489
1611,경기,광명시,하안2동,14245,경기도 광명시 안현로 25 ,37.4646683,126.874767
1612,경기,광명시,하안3동,14309,경기도 광명시 금당로 28,37.4587375,126.8816314
1613,경기,광명시,하안4동,14247,경기도 광명시 안현로 54,37.465737,126.8777157
1614,경기,광명시,소하1동,14315,경기도 광명시 소하로 25,37.452219,126.884953
1615,경기,광명시,소하2동,14328,경기도 광명시 성채로 52,37.4321036,126.8801808
1616,경기,광명시,일직동,14345,"경기도 광명시 양지로 17, 6층",37.4187493,126.8826475
1617,경기,광명시,학온동,14339,경기도 광명시 서독로104번길 14 ,37.4154219,126.8513256
1618,경기,광주시,초월읍,12735,경기도 광주시 초월읍 경충대로 1241,37.385579,127.2885772
1619,경기,광주시,곤지암,12801,경기도 광주시 곤지암읍 광여로 59,37.3509517,127.3521893
1620,경기,광주시,도척면,12815,경기도 광주시 도척면 노곡로 20,37.3044683,127.331239
1621,경기,광주시,퇴촌면,12711,경기도 광주시 퇴촌면 탑골길 6,37.4667699,127.3069323
1622,경기,광주시,남종면,12708,경기도 광주시 남종면 분원길 9,37.4942627,127.3018412
1623,경기,광주시,남한산성면,12704,경기도 광주시 남한산성면 남한산성로 2,37.4634944,127.2445912
1624,경기,광주시,오포1동,12790,경기도 광주시 오포로859번길 29,37.366347,127.2285647
1625,경기,광주시,오포2동,12797,경기도 광주시 양벌로215번길 7,37.3776519,127.2545796
1626,경기,광주시,신현동,12820,경기도 광주시 신현로 109,37.3580359,127.1521052
1627,경기,광주시,능평동,12773,경기도 광주시 창뜰아랫길 6,37.3500092,127.1670246
1628,경기,광주시,경안동,12744,경기도 광주시 중앙로 125,37.4108319,127.2573036
1629,경기,광주시,쌍령동,12791,경기도 광주시 경충대로1461번길 26 2층 (임시청사),37.3996472,127.2700336
1630,경기,광주시,송정동,12739,경기도 광주시 광주대로 216,37.4259254,127.2581995
1631,경기,광주시,탄벌동,12747,경기도 광주시 탄벌길 6,37.4192981,127.2464613
1632,경기,광주시,광남1동,12768,경기도 광주시 고불로46번길 47,37.3946069,127.2303721
1633,경기,광주시,광남2동,12784,경기도 광주시 태봉로 45,37.3891145,127.2298139
1634,경기,군포시,군포1동,15860,경기도 군포시 군포로 531  (당동),37.3484693,126.9411853
1635,경기,군포시,군포2동,15875,경기도 군포시 고산로 263 (당동),37.3484693,126.9411853
1636,경기,군포시,산본1동,15805,경기도 군포시 고산로724번길 13 (산본동),37.3733479,126.9385618
1637,경기,군포시,산본2동,15803,경기도 군포시 고산로 663  (산본동),37.3699935,126.9327563
1638,경기,군포시,금정동,15827,경기도 군포시 금산로 35  (금정동),37.3654073,126.9394293
1639,경기,군포시,재궁동,15835,경기도 군포시 번영로550번길 25  (금정동),37.3584526,126.9390623
1640,경기,군포시,오금동,15863,경기도 군포시 고산로 406  (금정동),37.3510727,126.9294974
1641,경기,군포시,수리동,15823,경기도 군포시 수리산로 38  (산본동),37.3560328,126.9210465
1642,경기,군포시,궁내동,15822,경기도 군포시 고산로517번길 10  (산본동),37.3596416,126.921847
1643,경기,군포시,광정동,15824,경기도 군포시 광정로 106  (산본동),37.3620621,126.9279241
1644,경기,군포시,대야동,15886,경기도 군포시 대야2로 139 (대야미동),37.330257,126.9153485
1645,경기,군포시,송부동,15885,경기도 군포시 송부로74번길 3-32 (도마교동),37.3162293,126.9238172
1646,경기,오산시,중앙동,18135,경기도 오산시 경기대로 307,37.1522831,127.0732476
1647,경기,오산시,대원1동,18143,경기도 오산시 오산로 132번길 28,37.1385164,127.0717509
1648,경기,오산시,대원2동,18151,"경기도 오산시 동부대로 332-13, 가동 1층",37.131507,127.0794342
1649,경기,오산시,남촌동,18119,경기도 오산시 청학로 55-5,37.1545885,127.0636937
1650,경기,오산시,신장1동,18108,경기도 오산시 문헌공로 45,37.1766478,127.054566
1651,경기,오산시,신장2동,18114,"경기도 오산시 내삼미로79번길 48, 3~4층",37.1697742,127.0653933
1652,경기,오산시,세마동,18105,경기도 오산시 독산성로 419,37.1883426,127.0407173
1653,경기,오산시,초평동,18127,경기도 오산시 초평중앙로 77,37.1401809,127.0441492
1654,경기,이천시,장호원읍,17422,경기도 이천시 장호원읍 서동대로 8844-6,37.1149337,127.6171384
1655,경기,이천시,부발읍,17324,경기도 이천시 부발읍 무촌로 121,37.2836003,127.4870224
1656,경기,이천시,신둔면,17303,경기도 이천시 신둔면 경충대로 3128,37.3061693,127.4038706
1657,경기,이천시,백사면,17312,경기도 이천시 백사면 현방로 65,37.339073,127.4907585
1658,경기,이천시,호법면,17394,경기도 이천시 호법면 이섭대천로527번길 27,37.2229765,127.4248418
1659,경기,이천시,마장면,17387,경기도 이천시 마장면 오천로 107,37.2488603,127.3579548
1660,경기,이천시,대월면,17343,경기도 이천시 대월면 사동로 1-10,37.229731,127.4925535
1661,경기,이천시,모가면,17408,경기도 이천시 모가면 진상미로 1295,37.1717597,127.4801933
1662,경기,이천시,설성면,17411,경기도 이천시 설성면 설장로17번길 6-5,37.1324627,127.5217918
1663,경기,이천시,율면,17423,경기도 이천시 율면 고당로 132,37.0943452,127.5463512
1664,경기,이천시,창전동,17365,경기도 이천시 영창로163번길 22,37.2828095,127.4412049
1665,경기,이천시,증포동,17346,경기도 이천시 증신로156번길 15,37.2903604,127.4527051
1666,경기,이천시,중리동,17375,경기도 이천시 남천로 31,37.2780432,127.4411605
1667,경기,이천시,관고동,17354,경기도 이천시 설봉로 65,37.28233,127.4379466
1668,경기,안성시,공도읍,17560,경기도 안성시 공도읍 공도4로 8 ,37.0010908,127.1726414
1669,경기,안성시,보개면,17509,경기도 안성시 보개면 보개원삼로 220 ,37.0229973,127.2906372
1670,경기,안성시,금광면,17536,경기도 안성시 금광면 금광오산로 228 ,36.9971279,127.3170741
1671,경기,안성시,서운면,17607,경기도 안성시 서운면 서운중앙길 23 ,36.9430339,127.2593769
1672,경기,안성시,미양면,17601,경기도 안성시 미양면 양지길 29 ,36.9753319,127.2150991
1673,경기,안성시,대덕면,17545,경기도 안성시 대덕면 중앙로 82 ,37.0125115,127.2379618
1674,경기,안성시,양성면,17502,경기도 안성시 양성면 읍내길 21 ,37.0598545,127.1946696
1675,경기,안성시,원곡면,17556,경기도 안성시 원곡면 가천중앙1길 46 ,37.0397493,127.1295545
1676,경기,안성시,일죽면,17529,경기도 안성시 일죽면 금일로 433 ,37.0905651,127.4770359
1677,경기,안성시,죽산면,17519,경기도 안성시 죽산면 죽산초교길 61 ,37.0785181,127.422507
1678,경기,안성시,삼죽면,17514,경기도 안성시 삼죽면 삼죽로 112 ,37.0728935,127.3745147
1679,경기,안성시,고삼면,17505,경기도 안성시 고삼면 고삼호수로 21 ,37.0827068,127.2633632
1680,경기,안성시,안성1동,17592,경기도 안성시 낙원길 95 ,37.0056575,127.2742719
1681,경기,안성시,안성2동,17596,경기도 안성시 강변로74번길 16 ,37.0005941,127.2699647
1682,경기,안성시,안성3동,17572,경기도 안성시 고수2로 11 ,37.0141974,127.2577485
1683,경기,양주시,백석읍,11516,경기도 양주시 백석읍 중앙로223번길 46,37.7948514,126.9855175
1684,경기,양주시,은현면,11427,경기도 양주시 은현면 은현로 66,37.8748472,127.0245166
1685,경기,양주시,남면,11404,경기도 양주시 남면 개나리17길 6,37.8979493,126.9766402
1686,경기,양주시,광적면,11419,경기도 양주시 광적면 가래비길 93,37.8245455,126.9837035
1687,경기,양주시,장흥면,11520,경기도 양주시 장흥면 권율로 7,37.7178381,126.9412959
1688,경기,양주시,양주1동,11501,경기도 양주시 외미로64번길 45,37.7732346,127.0438727
1689,경기,양주시,양주2동,11493,경기도 양주시 고읍로 77,37.7969242,127.0803709
1690,경기,양주시,회천1동,11450,경기도 양주시 화합로1327번길 39,37.8470501,127.0645505
1691,경기,양주시,회천2동,11443,경기도 양주시 평화로1475번길 39,37.8216806,127.0467603
1692,경기,양주시,회천3동,11451,경기도 양주시 회정로 143,37.8377694,127.0688339
1693,경기,양주시,회천4동,11468,경기도 양주시 옥정로 397-7,37.8371776,127.0901656
1694,경기,구리시,갈매동,11901,경기도 구리시 갈매중앙로 80(갈매동),37.6314655,127.1176152
1695,경기,구리시,동구동,11915,"경기도 구리시 동구릉로136번길 57, 별관 1층(인창동)",37.6126648,127.1408564
1696,경기,구리시,인창동,11920,경기도 구리시 응달말로 46(인창동),37.6032164,127.1348532
1697,경기,구리시,교문1동,11950,경기도 구리시 경춘로 111(교문동),37.6012151,127.1276689
1698,경기,구리시,교문2동,11949,경기도 구리시 장자대로 34(교문동),37.5870128,127.1342683
1699,경기,구리시,수택1동,11929,경기도 구리시 검배로 7(수택동),37.6004683,127.1420787
1700,경기,구리시,수택2동,11941,경기도 구리시 원수택로12번길 16(수택동),37.5932473,127.1400994
1701,경기,구리시,수택3동,11940,경기도 구리시 체육관로 74(수택동),37.5914714,127.1385849
1702,경기,포천시,소흘읍,11180,경기도 포천시 소흘읍 호국로 567,37.8232678,127.138809
1703,경기,포천시,군내면,11152,포천시 군내면 청군로3290번길 16,37.8890234,127.2178353
1704,경기,포천시,내촌면,11189,경기도 포천시 내촌면 내촌로 70,37.7861216,127.2285589
1705,경기,포천시,가산면,11164,경기도 포천시 가산면 선마로 223,37.8485408,127.1862103
1706,경기,포천시,신북면,11139,경기도 포천시 신북면 호국로 2065,37.9339203,127.2265031
1707,경기,포천시,창수면,11134,경기도 포천시 창수면 메치골로 178,37.9915536,127.1891317
1708,경기,포천시,영중면,11129,경기도 포천시 영중면 양문로 151,38.0054764,127.2450259
1709,경기,포천시,일동면,11116,경기도 포천시 일동면 화동로1099번길 30,37.9610635,127.3171003
1710,경기,포천시,이동면,11111,경기도 포천시 이동면 화동로 2048,38.0306395,127.3674609
1711,경기,포천시,영북면,11104,경기도 포천시 영북면 영북로 166,38.0889396,127.2753578
1712,경기,포천시,관인면,11101,경기도 포천시 관인면 관인로 14 ,38.1577902,127.2510017
1713,경기,포천시,화현면,11123,경기도 포천시 화현면 달인동로1길 55,37.9010313,127.287921
1714,경기,포천시,포천동,11146,경기도 포천시 중앙로119번길 26,37.8982037,127.1999552
1715,경기,포천시,선단동,11161,경기도 포천시 삼육사로2186번길 11,37.8540236,127.1592938
1716,경기,의왕시,고천동,16063,경기도 의왕시 사천로 11 ,37.3458106,126.9769469
1717,경기,의왕시,부곡동,16092,경기도 의왕시 부곡시장길 75 ,37.319129,126.9529068
1718,경기,의왕시,오전동,16055,경기도 의왕시 찬우물길 11 ,37.3535606,126.9715665
1719,경기,의왕시,내손1동,16041,경기도 의왕시 갈미로 71 ,37.3782753,126.9756659
1720,경기,의왕시,내손2동,16027,경기도 의왕시 복지로 109 ,37.3875393,126.9816303
1721,경기,의왕시,청계동,16013,경기도 의왕시 안양판교로 232,37.3886613,126.9961195
1722,경기,하남시,천현동,13024,경기도 하남시 검단남로 48,37.5192334,127.2239768
1723,경기,하남시,신장1동,12959,경기도 하남시 신장1로27번길 13,37.5387753,127.2096135
1724,경기,하남시,신장2동,12947,경기도 하남시 대청로21번길 32,37.5417635,127.2140196
1725,경기,하남시,덕풍1동,12980,경기도 하남시 덕풍공원로 110,37.5350629,127.1985439
1726,경기,하남시,덕풍2동,12972,경기도 하남시 덕풍공원로 12,37.5422809,127.1980839
1727,경기,하남시,덕풍3동,12927,경기도 하남시 덕풍서로 66,37.5525321,127.2046934
1728,경기,하남시,미사1동,12912,경기도 하남시 미사강변남로 59,37.560287,127.1887888
1729,경기,하남시,미사2동,12909,경기도 하남시 아리수로 531,37.5671161,127.1860594
1730,경기,하남시,미사3동,12984,경기도 하남시 하남대로 1037-4,37.5490953,127.1851044
1731,경기,하남시,감북동,12990,경기도 하남시 감북로 39,37.5161829,127.1616908
1732,경기,하남시,감일동,12997,경기도 하남시 감일순환로 181,37.506861,127.1627055
1733,경기,하남시,위례동,13014,경기도 하남시 위례순환로 310,37.4771689,127.1523914
1734,경기,하남시,춘궁동,13020,경기도 하남시 서하남로 490,37.5222218,127.194149
1735,경기,하남시,초이동,12986,경기도 하남시 초이로 65,37.5366099,127.1709202
1736,경기,여주시,가남읍,12662,경기도 여주시 가남읍 태평중앙1길 20,37.201672,127.5452706
1737,경기,여주시,점동면,12667,경기도 여주시 점동면 청안2길 20,37.2046486,127.6599867
1738,경기,여주시,세종대왕면,12641,경기도 여주시 세종대왕면 번도1길 2-9,37.2930869,127.5980717
1739,경기,여주시,흥천면,12607,경기도 여주시 흥천면 효자로 154,37.3331098,127.5415725
1740,경기,여주시,금사면,12604,경기도 여주시 금사면 이포로 27,37.3924762,127.5333961
1741,경기,여주시,산북면,12603,경기도 여주시 산북면 상품로 93,37.4017009,127.443118
1742,경기,여주시,대신면,12610,경기도 여주시 대신면 여양로 1456-10,37.3750241,127.5864819
1743,경기,여주시,북내면,12613,경기도 여주시 북내면 여양2로 301 ,37.3292664,127.6789672
1744,경기,여주시,강천면,12616,경기도 여주시 강천면 긴등길 5,37.2734189,127.7113504
1745,경기,여주시,여흥동,12628,경기도 여주시 여흥로 148(상동),37.2951341,127.6398111
1746,경기,여주시,중앙동,12623,경기도 여주시 여흥로11번길 26(하동),37.2986713,127.6290901
1747,경기,여주시,오학동,12639,경기도 여주시 도예로 2(현암동),37.3050367,127.6382376
1748,경기,양평군,양평읍,12562,경기도 양평군 양평읍 양근강변길 7,37.4865589,127.4935816
1749,경기,양평군,강상면,12572,경기도 양평군 강상면 신화길 10,37.4771624,127.4854241
1750,경기,양평군,강하면,12574,경기도 양평군 강하면 운심길 40-8,37.4949487,127.4105377
1751,경기,양평군,양서면,12579,경기도 양평군 양서면 목왕로 31,37.5439878,127.3260019
1752,경기,양평군,옥천면,12507,경기도 양평군 옥천면 옥천길 21,37.5181799,127.4563662
1753,경기,양평군,서종면,12502,경기도 양평군 서종면 북한강로 777,37.6066555,127.3487459
1754,경기,양평군,단월면,12529,경기도 양평군 단월면 보룡길 53,37.538564,127.6729609
1755,경기,양평군,청운면,12530,경기도 양평군 청운면 용두로 170,37.5560824,127.7108261
1756,경기,양평군,양동면,12539,경기도 양평군 양동면 학둔지아래길 20,37.4247207,127.7513908
1757,경기,양평군,지평면,12541,경기도 양평군 지평면 지평의병로 116번길 1,37.4745805,127.6392103
1758,경기,양평군,용문면,12514,경기도 양평군 용문면 용문로 428,37.4887391,127.5997183
1759,경기,양평군,개군면,12568,경기도 양평군 개군면 하자포길33번길 8,37.4260368,127.5368816
1760,경기,동두천시,생연1동,11318,경기도 동두천시 장고갯로 140 ,37.9072366,127.0659419
1761,경기,동두천시,생연2동,11331,경기도 동두천시 생연로 95,37.9011883,127.0499643
1762,경기,동두천시,중앙동,11328,경기도 동두천시 생연로 172,37.9077246,127.053207
1763,경기,동두천시,보산동,11309,경기도 동두천시 싸리말로 28 ,37.9177065,127.0612864
1764,경기,동두천시,불현동,11358,경기도 동두천시 행선로 123,37.8983936,127.0625517
1765,경기,동두천시,송내동,11350,경기도 동두천시 동두천로 97,37.8901879,127.0541549
1766,경기,동두천시,소요동,11307,경기도 동두천시 평화로 2706,37.929527,127.0573808
1767,경기,동두천시,상패동,11340,경기도 동두천시 어수로 8,37.9053371,127.0444291
1768,경기,과천시,원문동,13835,경기도 과천시 중앙로 28 ,37.4193361,126.9891125
1769,경기,과천시,갈현동,13840,경기도 과천시 과천대로7길 26,37.426059,126.988615
1770,경기,과천시,별양동,13834,경기도 과천시 별양로 60 ,37.424242,126.9937602
1771,경기,과천시,부림동,13831,경기도 과천시 별양로 174 ,37.4334538,126.9984783
1772,경기,과천시,과천동,13813,경기도 과천시 과천대로 608-17 ,37.4483872,126.995408
1773,경기,과천시,문원동,13827,경기도 과천시 아랫배랭이로 35 ,37.4263969,127.0018631
1774,경기,가평군,가평읍,12419,경기도 가평군 가평읍 가화로 62,37.8254365,127.5163209
1775,경기,가평군,설악면,12467,경기도 가평군 설악면 한서로 8,37.675968,127.494629
1776,경기,가평군,청평면,12452,경기도 가평군 청평면 은고개로 19,37.7403106,127.4241414
1777,경기,가평군,상면,12444,경기도 가평군 상면 청군로 1105,37.800162,127.3488774
1778,경기,가평군,조종면,12438,경기도 가평군 조종면 조종내길 71,37.817611,127.3532891
1779,경기,가평군,북면,12403,경기도 가평군 북면 가화로 1030-39,37.9404404,127.4916653
1780,경기,연천군,연천읍,11013,경기도 연천군 연천읍 연천로 302,38.1038292,127.075873
1781,경기,연천군,전곡읍,11027,경기도 연천군 전곡읍 은전로 45,38.0275947,127.0632063
1782,경기,연천군,군남면,11006,경기도 연천군 군남면 군남로 417,38.0850798,127.0188301
1783,경기,연천군,청산면,11023,경기도 연천군 청산면 청신로 71,37.9815867,127.0676645
1784,경기,연천군,백학면,11048,경기도 연천군 백학면 청정로 534,38.029713,126.9173744
1785,경기,연천군,미산면,11045,경기도 연천군 미산면 유노로 110,38.0471772,126.9929911
1786,경기,연천군,왕징면,11044,경기도 연천군 왕징면 왕산로 44,38.0584332,127.0126829
1787,경기,연천군,신서면,11000,경기도 연천군 신서면 연신로 1130,38.1828247,127.1069317
1788,경기,연천군,중면,11004,경기도 연천군 중면 군중로 400,38.135727,127.0192522
1789,경기,연천군,장남면,11050,경기도 연천군 장남면 장백로 244,37.9815835,126.884407
